source_id,peak_frequency_hz,peak_time_s,peak_power_linear,frequency_low_hz,frequency_high_hz,bandwidth_hz,time_start_s,time_end_s,duration_s,detection_pixels
1,-1182421.875,0.16042666666666666,0.000287415343336761,-1185937.5,-1177734.375,8203.125,0.16,0.16042666666666666,0.00042666666666665853,16
2,-1181250.0,1.6520533333333334,0.0003370120539329946,-1185937.5,-1181250.0,4687.5,1.6516266666666666,1.6520533333333334,0.0004266666666667973,10
3,-1181835.9375,0.40064,0.00025209542945958674,-1185351.5625,-1180078.125,5273.4375,0.4002133333333333,0.40064,0.0004266666666666863,19
4,-1183007.8125,0.6562133333333333,0.00015037760022096336,-1185351.5625,-1181250.0,4101.5625,0.6562133333333333,0.65664,0.0004266666666666863,14
5,-1180078.125,1.2693333333333334,0.0004355843411758542,-1185351.5625,-1177148.4375,8203.125,1.2689066666666666,1.2693333333333334,0.0004266666666667973,27
6,-1182421.875,1.3422933333333333,0.00020639914146158844,-1185351.5625,-1177734.375,7617.1875,1.3418666666666668,1.3422933333333333,0.00042666666666657527,15
7,-1177734.375,0.34432,0.00032334556453861296,-1183007.8125,-1175976.5625,7031.25,0.34389333333333333,0.34432,0.0004266666666666863,26
8,-1178906.25,1.2288,0.0002339304337510839,-1182421.875,-1178906.25,3515.625,1.2288,1.2292266666666667,0.0004266666666667973,12
9,-1179492.1875,1.3947733333333334,0.000144634279422462,-1181835.9375,-1175390.625,6445.3125,1.3943466666666666,1.3947733333333334,0.0004266666666667973,17
10,-1177148.4375,1.4097066666666667,0.00021890971402172,-1181835.9375,-1175390.625,6445.3125,1.4097066666666667,1.4101333333333332,0.00042666666666657527,15
11,-1175390.625,1.4741333333333333,0.0002786781406030059,-1179492.1875,-1173632.8125,5859.375,1.4741333333333333,1.47456,0.0004266666666667973,13
12,-1175976.5625,0.33237333333333335,0.00017295143334195018,-1178906.25,-1168945.3125,9960.9375,0.33237333333333335,0.3328,0.0004266666666666308,19
13,-1175390.625,0.27136,0.00016325036995112896,-1178320.3125,-1171875.0,6445.3125,0.27136,0.2717866666666667,0.0004266666666666863,13
14,-1177148.4375,0.18730666666666668,0.00010698661208152771,-1177734.375,-1171875.0,5859.375,0.18730666666666668,0.18730666666666668,0.0,11
15,-1175976.5625,1.4946133333333333,0.0001631369668757543,-1177148.4375,-1172460.9375,4687.5,1.4941866666666668,1.4946133333333333,0.00042666666666657527,10
16,-1172460.9375,1.5658666666666667,0.0002298657491337508,-1175976.5625,-1168359.375,7617.1875,1.5658666666666667,1.5658666666666667,0.0,14
17,-1173046.875,0.40576,0.00012387902825139463,-1174218.75,-1170703.125,3515.625,0.4053333333333333,0.40576,0.0004266666666666863,12
18,-1171289.0625,0.07424,0.0001495650503784418,-1171289.0625,-1168359.375,2929.6875,0.07381333333333333,0.07424,0.0004266666666666724,10
19,-1169531.25,0.21248,0.00017115047376137227,-1170703.125,-1166015.625,4687.5,0.21205333333333334,0.21248,0.00042666666666665853,10
20,-1167773.4375,0.27946666666666664,0.0002636095741763711,-1170117.1875,-1164843.75,5273.4375,0.27904,0.2798933333333333,0.0008533333333333171,14
21,-1165429.6875,1.3623466666666666,0.0002349371206946671,-1168945.3125,-1163085.9375,5859.375,1.3623466666666666,1.3627733333333334,0.0004266666666667973,12
22,-1157226.5625,0.18688,0.00011993887164862826,-1161328.125,-1156640.625,4687.5,0.18645333333333333,0.18730666666666668,0.0008533333333333448,13
23,-1158984.375,0.6715733333333334,0.00025785164325498044,-1160742.1875,-1156054.6875,4687.5,0.6711466666666667,0.6715733333333334,0.0004266666666666863,11
24,-1158984.375,0.9873066666666667,0.0003388580516912043,-1160156.25,-1154882.8125,5273.4375,0.98688,0.9873066666666667,0.0004266666666666863,12
25,-1156640.625,1.3111466666666667,0.0001413164718542248,-1156640.625,-1151367.1875,5273.4375,1.3111466666666667,1.3111466666666667,0.0,10
26,-1152539.0625,1.52704,0.0002020019746851176,-1153710.9375,-1149609.375,4101.5625,1.52704,1.5274666666666668,0.0004266666666667973,13
27,-1143164.0625,1.10848,0.00022333962260745466,-1146679.6875,-1141992.1875,4687.5,1.10848,1.1089066666666667,0.0004266666666667973,10
28,-1140820.3125,0.26453333333333334,0.0002755648747552186,-1144335.9375,-1139062.5,5273.4375,0.26453333333333334,0.26453333333333334,0.0,10
29,-1141992.1875,1.2266666666666666,0.00019272352801635861,-1144335.9375,-1139648.4375,4687.5,1.22624,1.2266666666666666,0.00042666666666657527,10
30,-1139062.5,0.18730666666666668,0.00020283211779315025,-1142578.125,-1135546.875,7031.25,0.18730666666666668,0.18730666666666668,0.0,13
31,-1134375.0,0.24448,0.00024013697111513466,-1139062.5,-1132617.1875,6445.3125,0.24405333333333334,0.24448,0.00042666666666665853,20
32,-1125585.9375,0.49706666666666666,0.00035639447742141783,-1132617.1875,-1123242.1875,9375.0,0.49664,0.49706666666666666,0.0004266666666666308,22
33,-1129101.5625,1.2074666666666667,0.00020368718833196908,-1132617.1875,-1127343.75,5273.4375,1.20704,1.2074666666666667,0.0004266666666667973,11
34,-1129687.5,0.88704,0.0003035724221263081,-1131445.3125,-1126171.875,5273.4375,0.88704,0.88704,0.0,10
35,-1128515.625,1.3354666666666666,0.0002523138537071645,-1130859.375,-1123828.125,7031.25,1.33504,1.3354666666666666,0.00042666666666657527,15
36,-1124414.0625,1.2155733333333334,0.00020199261780362576,-1129101.5625,-1123828.125,5273.4375,1.2155733333333334,1.2155733333333334,0.0,10
37,-1127929.6875,0.5589333333333333,0.00017497158842161298,-1128515.625,-1120312.5,8203.125,0.5589333333333333,0.55936,0.0004266666666666863,25
38,-1123242.1875,1.3824,0.00036628032103180885,-1127343.75,-1122656.25,4687.5,1.3819733333333333,1.3832533333333332,0.0012799999999999478,16
39,-1122656.25,0.4002133333333333,0.0001881462667370215,-1125585.9375,-1120898.4375,4687.5,0.4002133333333333,0.40064,0.0004266666666666863,13
40,-1122070.3125,0.5137066666666666,0.0002306042006239295,-1124414.0625,-1118554.6875,5859.375,0.51328,0.5137066666666666,0.0004266666666666863,12
41,-1118554.6875,1.3696,0.00025254455977119505,-1122070.3125,-1116210.9375,5859.375,1.3691733333333334,1.3696,0.00042666666666657527,16
42,-1119726.5625,0.30293333333333333,0.00014826493861619383,-1120898.4375,-1116796.875,4101.5625,0.30250666666666665,0.30293333333333333,0.0004266666666666863,15
43,-1115625.0,1.2693333333333334,0.00026022762176580727,-1120898.4375,-1115625.0,5273.4375,1.2689066666666666,1.2693333333333334,0.0004266666666667973,15
44,-1116210.9375,0.5870933333333334,0.00025895159342326224,-1117968.75,-1113867.1875,4101.5625,0.5866666666666667,0.5870933333333334,0.0004266666666666863,16
45,-1107421.875,0.83968,0.00015129512757994235,-1109179.6875,-1103320.3125,5859.375,0.83968,0.83968,0.0,11
46,-1077539.0625,0.18730666666666668,0.00027363747358322144,-1079882.8125,-1074609.375,5273.4375,0.18688,0.18730666666666668,0.0004266666666666863,12
47,-1072851.5625,1.3239466666666666,0.0003444167668931186,-1078125.0,-1072265.625,5859.375,1.3239466666666666,1.3243733333333334,0.0004266666666667973,14
48,-1076953.125,1.40672,0.00032290295348502696,-1078125.0,-1075195.3125,2929.6875,1.40672,1.4071466666666668,0.0004266666666667973,10
49,-1072265.625,0.6485333333333333,0.0001757946884026751,-1074609.375,-1069335.9375,5273.4375,0.6485333333333333,0.6485333333333333,0.0,10
50,-1061132.8125,0.74112,0.000290277210297063,-1066406.25,-1061132.8125,5273.4375,0.74112,0.7424,0.0012799999999999478,13
51,-1056445.3125,0.49664,0.00022827069915365428,-1061718.75,-1056445.3125,5273.4375,0.49664,0.49706666666666666,0.0004266666666666308,11
52,-1054101.5625,0.24490666666666666,0.0004871064447797835,-1057031.25,-1051171.875,5859.375,0.24405333333333334,0.24533333333333332,0.0012799999999999756,21
53,-1048242.1875,0.007253333333333333,0.00023194016830530018,-1055273.4375,-1047070.3125,8203.125,0.007253333333333333,0.007253333333333333,0.0,15
54,-1051171.875,1.5658666666666667,0.0002824975235853344,-1053515.625,-1048828.125,4687.5,1.56544,1.5658666666666667,0.0004266666666667973,10
55,-1030664.0625,1.4741333333333333,0.00034205190604552627,-1031835.9375,-1027148.4375,4687.5,1.4741333333333333,1.47456,0.0004266666666667973,10
56,-1028320.3125,1.3303466666666666,0.0003353702777530998,-1030664.0625,-1025390.625,5273.4375,1.3303466666666666,1.3307733333333334,0.0004266666666667973,13
57,-1018359.375,0.40064,0.0005073967622593045,-1022460.9375,-1017773.4375,4687.5,0.4002133333333333,0.40064,0.0004266666666666863,10
58,-1006640.625,0.8106666666666666,0.0004262058646418154,-1008398.4375,-1001953.125,6445.3125,0.81024,0.8106666666666666,0.0004266666666666863,13
59,-1007812.5,0.8290133333333334,0.00022442884801421314,-1007812.5,-998437.5,9375.0,0.8290133333333334,0.82944,0.00042666666666657527,21
60,-1004882.8125,0.9028266666666667,0.0004155555507168174,-1007812.5,-1001953.125,5859.375,0.9028266666666667,0.9028266666666667,0.0,11
61,-1002539.0625,1.6413866666666668,0.0013026923406869173,-1007226.5625,-996679.6875,10546.875,1.64096,1.6418133333333333,0.0008533333333333726,32
62,-1003710.9375,0.19242666666666666,0.0008680886239744723,-1005468.75,-1001367.1875,4101.5625,0.192,0.19242666666666666,0.00042666666666665853,13
63,-1000195.3125,0.3562666666666667,0.0004377095028758049,-1004882.8125,-999609.375,5273.4375,0.3562666666666667,0.3562666666666667,0.0,10
64,-998437.5,0.49664,0.0004912482108920813,-1003710.9375,-996093.75,7617.1875,0.49664,0.49706666666666666,0.0004266666666666308,21
65,-1001367.1875,0.5870933333333334,0.0003375140659045428,-1003710.9375,-999023.4375,4687.5,0.5866666666666667,0.5870933333333334,0.0004266666666666863,15
66,-999609.375,0.26069333333333333,0.001147920498624444,-1003125.0,-996679.6875,6445.3125,0.26069333333333333,0.26069333333333333,0.0,12
67,-1000195.3125,0.18730666666666668,0.00035833287984132767,-1002539.0625,-997265.625,5273.4375,0.18730666666666668,0.18730666666666668,0.0,10
68,-999023.4375,0.25472,0.0005794659955427051,-1002539.0625,-994921.875,7617.1875,0.25472,0.2551466666666667,0.0004266666666666863,15
69,-1000781.25,1.0645333333333333,0.0008055907674133778,-1001953.125,-996679.6875,5273.4375,1.0641066666666668,1.0645333333333333,0.00042666666666657527,12
70,-995507.8125,1.3819733333333333,0.0005125650204718113,-1001367.1875,-994921.875,6445.3125,1.3819733333333333,1.3824,0.0004266666666667973,19
71,-999609.375,1.2292266666666667,0.00030103468452580273,-1000195.3125,-997851.5625,2343.75,1.2288,1.2292266666666667,0.0004266666666667973,10
72,-996679.6875,0.19242666666666666,0.000744086573831737,-998437.5,-994921.875,3515.625,0.192,0.19242666666666666,0.00042666666666665853,11
73,-994921.875,0.8238933333333334,0.0003925048222299665,-996093.75,-990820.3125,5273.4375,0.8238933333333334,0.8238933333333334,0.0,10
74,-991992.1875,1.4011733333333334,0.00024499400751665235,-994921.875,-991992.1875,2929.6875,1.4011733333333334,1.4016,0.00042666666666657527,11
75,-983789.0625,1.2612266666666667,0.0002465295256115496,-986132.8125,-982031.25,4101.5625,1.2608,1.2612266666666667,0.0004266666666667973,15
76,-979101.5625,1.6341333333333334,0.00044374351273290813,-980859.375,-978515.625,2343.75,1.6341333333333334,1.63456,0.00042666666666657527,10
77,-975585.9375,1.536,0.00042303427471779287,-978515.625,-972070.3125,6445.3125,1.536,1.536,0.0,12
78,-975585.9375,0.49664,0.0006729441229254007,-977929.6875,-972070.3125,5859.375,0.49664,0.49706666666666666,0.0004266666666666308,13
79,-973828.125,0.27136,0.0007123996037989855,-975585.9375,-972070.3125,3515.625,0.27093333333333336,0.2717866666666667,0.0008533333333333171,14
80,-970898.4375,0.17450666666666667,0.0006282120011746883,-975000.0,-970312.5,4687.5,0.17408,0.17450666666666667,0.00042666666666665853,18
81,-972070.3125,1.5799466666666666,0.00033728271955624223,-974414.0625,-972070.3125,2343.75,1.5799466666666666,1.5803733333333334,0.0004266666666667973,10
82,-971484.375,1.1456,0.0009694083128124475,-972656.25,-969726.5625,2929.6875,1.1451733333333334,1.1460266666666667,0.0008533333333333726,12
83,-970898.4375,0.07424,0.0004234560183249414,-971484.375,-969140.625,2343.75,0.07381333333333333,0.07424,0.0004266666666666724,10
84,-960351.5625,1.3422933333333333,0.00021182904310990125,-960351.5625,-955078.125,5273.4375,1.3422933333333333,1.3422933333333333,0.0,10
85,-957421.875,1.3239466666666666,0.00046779486001469195,-959765.625,-956835.9375,2929.6875,1.3239466666666666,1.3243733333333334,0.0004266666666667973,10
86,-943945.3125,0.4864,0.0003687364514917135,-945117.1875,-939257.8125,5859.375,0.4864,0.4864,0.0,11
87,-922265.625,0.23381333333333335,0.0006166414823383093,-924609.375,-920507.8125,4101.5625,0.23381333333333335,0.23424,0.00042666666666665853,12
88,-918750.0,1.3205333333333333,0.0005965270102024078,-918750.0,-913476.5625,5273.4375,1.3205333333333333,1.3205333333333333,0.0,10
89,-914648.4375,0.7675733333333333,0.00042390445014461875,-915820.3125,-912304.6875,3515.625,0.7671466666666666,0.7675733333333333,0.0004266666666666863,11
90,-909960.9375,0.19242666666666666,0.0003708590811584145,-913476.5625,-906445.3125,7031.25,0.192,0.19242666666666666,0.00042666666666665853,19
91,-899414.0625,0.8106666666666666,0.0004784553893841803,-904101.5625,-897656.25,6445.3125,0.8106666666666666,0.8106666666666666,0.0,12
92,-869531.25,0.14293333333333333,0.0003837939293589443,-874218.75,-868945.3125,5273.4375,0.14293333333333333,0.14336,0.00042666666666665853,16
93,-855468.75,0.5674666666666667,0.0004639783874154091,-858984.375,-852539.0625,6445.3125,0.5674666666666667,0.5674666666666667,0.0,12
94,-829687.5,0.24874666666666667,0.000995880109257996,-832031.25,-826757.8125,5273.4375,0.24874666666666667,0.24917333333333333,0.00042666666666665853,19
95,-825585.9375,0.59264,0.0005109068588353693,-830273.4375,-825000.0,5273.4375,0.59264,0.59264,0.0,10
96,-825000.0,0.14293333333333333,0.0004299520223867148,-829687.5,-825000.0,4687.5,0.14293333333333333,0.14336,0.00042666666666665853,13
97,-823828.125,0.6715733333333334,0.00045133905950933695,-829101.5625,-822656.25,6445.3125,0.6711466666666667,0.6715733333333334,0.0004266666666666863,17
98,-796875.0,1.2266666666666666,0.0005229215603321791,-799218.75,-793359.375,5859.375,1.22624,1.2266666666666666,0.00042666666666657527,12
99,-745312.5,0.5294933333333334,0.0005208764341659844,-748242.1875,-744140.625,4101.5625,0.5290666666666667,0.5294933333333334,0.0004266666666666863,10
100,-661523.4375,1.2689066666666666,0.0006722441758029163,-664453.125,-658593.75,5859.375,1.2689066666666666,1.26976,0.0008533333333333726,14
101,-627539.0625,0.19242666666666666,0.0005813009338453412,-629882.8125,-625781.25,4101.5625,0.192,0.19242666666666666,0.00042666666666665853,13
102,-607617.1875,0.49706666666666666,0.0005353153101168573,-609960.9375,-605273.4375,4687.5,0.49664,0.49706666666666666,0.0004266666666666308,14
103,-592968.75,1.2288,0.00042828707955777645,-593554.6875,-587109.375,6445.3125,1.2288,1.2292266666666667,0.0004266666666667973,19
104,-590625.0,1.3422933333333333,0.00034281343687325716,-591210.9375,-585937.5,5273.4375,1.3418666666666668,1.3422933333333333,0.00042666666666657527,11
105,-564843.75,1.03424,0.00045889063039794564,-566015.625,-560156.25,5859.375,1.03424,1.03424,0.0,11
106,-512695.3125,0.023466666666666667,0.0007776436978019774,-517382.8125,-510351.5625,7031.25,0.02304,0.023466666666666667,0.00042666666666666547,14
107,-516796.875,0.7671466666666666,0.0007047085673548281,-517382.8125,-512109.375,5273.4375,0.7671466666666666,0.7675733333333333,0.0004266666666666863,18
108,-512109.375,0.81536,0.0006627367692999542,-516796.875,-511523.4375,5273.4375,0.81536,0.81536,0.0,10
109,-512109.375,1.3124266666666666,0.0007263458683155477,-515625.0,-511523.4375,4101.5625,1.312,1.3124266666666666,0.00042666666666657527,12
110,-513281.25,0.19242666666666666,0.0005248014931567013,-515039.0625,-510351.5625,4687.5,0.192,0.19242666666666666,0.00042666666666665853,17
111,-459375.0,1.40672,0.0004937261692248285,-463476.5625,-458789.0625,4687.5,1.40672,1.4071466666666668,0.0004266666666667973,11
112,-459375.0,0.384,0.0006130211986601353,-462304.6875,-458789.0625,3515.625,0.384,0.3844266666666667,0.0004266666666666863,10
113,-459960.9375,0.19242666666666666,0.0004724280152004212,-461718.75,-458789.0625,2929.6875,0.192,0.19242666666666666,0.00042666666666665853,12
114,-459960.9375,1.3819733333333333,0.000460941024357453,-461132.8125,-456445.3125,4687.5,1.3819733333333333,1.3824,0.0004266666666667973,13
115,-444140.625,0.18048,0.00035709296935237944,-445898.4375,-437695.3125,8203.125,0.18005333333333334,0.18048,0.00042666666666665853,16
116,-440625.0,1.2693333333333334,0.0020104001741856337,-445898.4375,-437695.3125,8203.125,1.2689066666666666,1.26976,0.0008533333333333726,32
117,-443554.6875,0.10581333333333333,0.0009050351218320429,-445312.5,-437695.3125,7617.1875,0.10538666666666667,0.10581333333333333,0.00042666666666665853,25
118,-440039.0625,0.16042666666666666,0.0009412678191438317,-444726.5625,-437109.375,7617.1875,0.16,0.16042666666666666,0.00042666666666665853,16
119,-440039.0625,0.34389333333333333,0.0009873355738818645,-444726.5625,-437695.3125,7031.25,0.34389333333333333,0.34432,0.0004266666666666863,24
120,-441210.9375,0.88704,0.0009040703298524022,-444726.5625,-437695.3125,7031.25,0.8866133333333334,0.88704,0.0004266666666666863,16
121,-442968.75,0.9873066666666667,0.0005998404230922461,-444726.5625,-440039.0625,4687.5,0.98688,0.9873066666666667,0.0004266666666666863,10
122,-440039.0625,1.2288,0.000811758276540786,-444726.5625,-436523.4375,8203.125,1.2288,1.2292266666666667,0.0004266666666667973,25
123,-441796.875,1.2612266666666667,0.000845584727358073,-444726.5625,-438281.25,6445.3125,1.2608,1.2612266666666667,0.0004266666666667973,22
124,-441796.875,1.61792,0.0007569431909359992,-444726.5625,-437695.3125,7031.25,1.61792,1.61792,0.0,13
125,-440625.0,0.74112,0.0011099072871729732,-444140.625,-435937.5,8203.125,0.7406933333333333,0.74112,0.0004266666666666863,21
126,-441210.9375,1.03424,0.0010066252434626222,-444140.625,-436523.4375,7617.1875,1.0338133333333333,1.03424,0.0004266666666667973,15
127,-442968.75,1.024,0.0007341216551139951,-443554.6875,-437109.375,6445.3125,1.024,1.024,0.0,12
128,-440039.0625,1.5424,0.000702122924849391,-443554.6875,-436523.4375,7031.25,1.5424,1.5428266666666666,0.00042666666666657527,25
129,-442382.8125,1.56928,0.0007780407904647291,-443554.6875,-436523.4375,7031.25,1.5688533333333334,1.56928,0.00042666666666657527,26
130,-441796.875,1.13408,0.0005378724890761077,-442968.75,-438281.25,4687.5,1.13408,1.1345066666666668,0.0004266666666667973,18
131,-440625.0,1.3943466666666666,0.0004695664974860847,-442968.75,-438281.25,4687.5,1.3943466666666666,1.3947733333333334,0.0004266666666667973,18
132,-439453.125,1.04448,0.0008090230985544622,-442382.8125,-438867.1875,3515.625,1.0440533333333333,1.04448,0.0004266666666667973,14
133,-438867.1875,1.0103466666666667,0.0007226676680147648,-441210.9375,-437109.375,4101.5625,1.0103466666666667,1.0107733333333333,0.00042666666666657527,12
134,-439453.125,0.1664,0.0005873108166269958,-440625.0,-434179.6875,6445.3125,0.1664,0.16682666666666668,0.0004266666666666863,15
135,-420703.125,0.09685333333333333,0.0006929740775376558,-424804.6875,-419531.25,5273.4375,0.09642666666666666,0.09685333333333333,0.0004266666666666724,17
136,-422460.9375,0.22869333333333333,0.0004911300493404269,-423632.8125,-417187.5,6445.3125,0.22869333333333333,0.22912,0.00042666666666665853,16
137,-420117.1875,0.5870933333333334,0.0005313286674208939,-422460.9375,-418359.375,4101.5625,0.5866666666666667,0.5870933333333334,0.0004266666666666863,12
138,-400195.3125,0.21248,0.0005441571120172739,-407226.5625,-396679.6875,10546.875,0.21205333333333334,0.21248,0.00042666666666665853,20
139,-400195.3125,1.2266666666666666,0.0007019456825219095,-404882.8125,-398437.5,6445.3125,1.22624,1.2266666666666666,0.00042666666666657527,17
140,-399023.4375,0.3170133333333333,0.0006296428036876023,-404296.875,-395507.8125,8789.0625,0.3165866666666667,0.3170133333333333,0.0004266666666666308,23
141,-404296.875,0.5674666666666667,0.0004592163604684174,-404296.875,-398437.5,5859.375,0.5674666666666667,0.5674666666666667,0.0,11
142,-403125.0,1.1456,0.0008581055444665253,-404296.875,-400781.25,3515.625,1.1456,1.1460266666666667,0.0004266666666667973,11
143,-399609.375,0.9173333333333333,0.0009512467077001929,-403710.9375,-396679.6875,7031.25,0.9173333333333333,0.9173333333333333,0.0,13
144,-400781.25,1.4946133333333333,0.0005125206662341952,-403710.9375,-396679.6875,7031.25,1.4941866666666668,1.4946133333333333,0.00042666666666657527,18
145,-400195.3125,0.49706666666666666,0.0005155246471986175,-403125.0,-397265.625,5859.375,0.49664,0.49706666666666666,0.0004266666666666308,12
146,-400781.25,0.5589333333333333,0.0003559423494152725,-403125.0,-398437.5,4687.5,0.5589333333333333,0.55936,0.0004266666666666863,14
147,-401367.1875,1.0039466666666668,0.0005403757095336914,-403125.0,-399023.4375,4101.5625,1.00352,1.0039466666666668,0.0004266666666667973,10
148,-401953.125,1.5872,0.0008288432145491242,-403125.0,-399609.375,3515.625,1.5867733333333334,1.5872,0.00042666666666657527,11
149,-401367.1875,0.25472,0.0005162028828635812,-402539.0625,-397265.625,5273.4375,0.25472,0.2551466666666667,0.0004266666666666863,11
150,-398437.5,0.4898133333333333,0.00042241939809173346,-401953.125,-396679.6875,5273.4375,0.4898133333333333,0.4898133333333333,0.0,10
151,-399609.375,1.3354666666666666,0.0005618340219371021,-401953.125,-396679.6875,5273.4375,1.33504,1.3354666666666666,0.00042666666666657527,11
152,-396679.6875,1.3824,0.0006800108239986002,-401953.125,-396093.75,5859.375,1.3819733333333333,1.3824,0.0004266666666667973,13
153,-399609.375,0.15104,0.0005742012872360647,-401367.1875,-396093.75,5273.4375,0.15061333333333332,0.15104,0.0004266666666666863,17
154,-400781.25,0.50304,0.0007995765190571547,-401367.1875,-396093.75,5273.4375,0.5026133333333334,0.5034666666666666,0.0008533333333332616,15
155,-400781.25,1.2032,0.0005538592231459916,-401367.1875,-397851.5625,3515.625,1.2032,1.2036266666666666,0.00042666666666657527,13
156,-399609.375,0.8106666666666666,0.0005756620084866881,-400781.25,-396093.75,4687.5,0.81024,0.8106666666666666,0.0004266666666666863,11
157,-398437.5,1.24416,0.0008534263470210135,-400781.25,-397265.625,3515.625,1.2437333333333334,1.24416,0.00042666666666657527,10
158,-382031.25,1.2155733333333334,0.00042244166252203286,-386132.8125,-381445.3125,4687.5,1.2151466666666666,1.2155733333333334,0.0004266666666667973,10
159,-348046.875,1.62048,0.0011993582593277097,-352734.375,-343945.3125,8789.0625,1.6200533333333333,1.6209066666666667,0.0008533333333333726,18
160,-349804.6875,1.1524266666666667,0.0006474839174188673,-351562.5,-346875.0,4687.5,1.152,1.1524266666666667,0.0004266666666667973,16
161,-345117.1875,1.0039466666666668,0.0005845236591994762,-350390.625,-343359.375,7031.25,1.00352,1.0039466666666668,0.0004266666666667973,15
162,-346875.0,0.031573333333333335,0.0007340703741647303,-349804.6875,-342773.4375,7031.25,0.031146666666666666,0.031573333333333335,0.00042666666666666894,18
163,-343945.3125,0.7424,0.000735056702978909,-347460.9375,-340429.6875,7031.25,0.7419733333333334,0.7424,0.00042666666666657527,16
164,-342773.4375,0.023466666666666667,0.0006913776160217822,-346289.0625,-340429.6875,5859.375,0.02304,0.023466666666666667,0.00042666666666666547,13
165,-343359.375,0.19242666666666666,0.0006690584123134613,-346289.0625,-336914.0625,9375.0,0.192,0.19242666666666666,0.00042666666666665853,27
166,-344531.25,0.26112,0.0008872695034369826,-346289.0625,-341601.5625,4687.5,0.26069333333333333,0.26112,0.0004266666666666863,13
167,-345703.125,1.3205333333333333,0.00133051339071244,-346289.0625,-338085.9375,8203.125,1.3201066666666668,1.3205333333333333,0.00042666666666657527,25
168,-343359.375,0.7675733333333333,0.0006547083612531424,-345117.1875,-341015.625,4101.5625,0.7671466666666666,0.7675733333333333,0.0004266666666666863,12
169,-337500.0,0.3575466666666667,0.0006516407593153417,-340429.6875,-336328.125,4101.5625,0.3575466666666667,0.3579733333333333,0.0004266666666666308,10
170,-309375.0,1.6341333333333334,0.0008093896321952343,-312304.6875,-306445.3125,5859.375,1.6341333333333334,1.63456,0.00042666666666657527,14
171,-310546.875,0.07424,0.00039490233757533133,-311718.75,-307617.1875,4101.5625,0.07381333333333333,0.07424,0.0004266666666666724,11
172,-307031.25,1.3824,0.0012665776303038,-311132.8125,-304101.5625,7031.25,1.3819733333333333,1.3824,0.0004266666666667973,24
173,-306445.3125,1.27616,0.00068894267315045,-310546.875,-305273.4375,5273.4375,1.2757333333333334,1.27616,0.00042666666666657527,19
174,-305859.375,1.40672,0.0004579393134918064,-309960.9375,-305273.4375,4687.5,1.40672,1.4071466666666668,0.0004266666666667973,10
175,-305273.4375,1.536,0.000620477250777185,-309375.0,-304687.5,4687.5,1.5355733333333332,1.536,0.0004266666666667973,10
176,-307031.25,1.3239466666666666,0.0008268093224614859,-308789.0625,-304687.5,4101.5625,1.3239466666666666,1.3243733333333334,0.0004266666666667973,14
177,-304687.5,0.384,0.000706997758243233,-307031.25,-301757.8125,5273.4375,0.384,0.3844266666666667,0.0004266666666666863,19
178,-295898.4375,0.20096,0.0006171417771838605,-298242.1875,-292382.8125,5859.375,0.20053333333333334,0.20096,0.00042666666666665853,21
179,-295312.5,0.1216,0.0009927138453349471,-297070.3125,-290625.0,6445.3125,0.12117333333333333,0.1216,0.0004266666666666724,23
180,-295312.5,0.5649066666666667,0.0008233709959313273,-297070.3125,-292382.8125,4687.5,0.56448,0.5649066666666667,0.0004266666666666863,14
181,-291796.875,1.4574933333333333,0.000568544608540833,-297070.3125,-288867.1875,8203.125,1.4574933333333333,1.4574933333333333,0.0,15
182,-292382.8125,1.5688533333333334,0.000954887131229043,-297070.3125,-290625.0,6445.3125,1.5688533333333334,1.56928,0.00042666666666657527,24
183,-293554.6875,0.10538666666666667,0.0007311600493267179,-296484.375,-290039.0625,6445.3125,0.10538666666666667,0.10581333333333333,0.00042666666666665853,13
184,-292382.8125,1.1345066666666668,0.0006120249745436013,-296484.375,-290039.0625,6445.3125,1.13408,1.1345066666666668,0.0004266666666667973,23
185,-292968.75,1.5428266666666666,0.0007233612705022097,-296484.375,-289453.125,7031.25,1.5424,1.5428266666666666,0.00042666666666657527,25
186,-293554.6875,1.5522133333333332,0.0010257966350764036,-296484.375,-291796.875,4687.5,1.5517866666666666,1.5522133333333332,0.00042666666666657527,12
187,-294726.5625,0.1664,0.0007329327054321766,-295898.4375,-290039.0625,5859.375,0.1664,0.16682666666666668,0.0004266666666666863,20
188,-292968.75,0.5589333333333333,0.0004987996653653681,-295898.4375,-292382.8125,3515.625,0.5589333333333333,0.55936,0.0004266666666666863,12
189,-293554.6875,1.2206933333333334,0.001102150185033679,-295898.4375,-288867.1875,7031.25,1.2202666666666666,1.22112,0.0008533333333333726,26
190,-294140.625,1.4741333333333333,0.0008887303993105888,-295898.4375,-289453.125,6445.3125,1.4741333333333333,1.47456,0.0004266666666667973,16
191,-294726.5625,0.68736,0.0003790452319663018,-294726.5625,-289453.125,5273.4375,0.68736,0.6877866666666667,0.0004266666666666863,12
192,-291796.875,1.1639466666666667,0.0006104169297032058,-294726.5625,-289453.125,5273.4375,1.1639466666666667,1.1643733333333333,0.00042666666666657527,11
193,-292382.8125,0.08533333333333333,0.0005128741613589227,-292968.75,-290039.0625,2929.6875,0.08533333333333333,0.08576,0.0004266666666666724,10
194,-280078.125,1.61024,0.0009576938464306295,-285937.5,-277148.4375,8789.0625,1.61024,1.6106666666666667,0.0004266666666667973,27
195,-283007.8125,0.5870933333333334,0.0005510488990694284,-284765.625,-280664.0625,4101.5625,0.5866666666666667,0.5870933333333334,0.0004266666666666863,14
196,-283593.75,0.6993066666666666,0.0006549388635903597,-284765.625,-277148.4375,7617.1875,0.6993066666666666,0.6993066666666666,0.0,14
197,-280664.0625,1.0530133333333334,0.0009660912328399718,-284179.6875,-275976.5625,8203.125,1.0530133333333334,1.05344,0.00042666666666657527,17
198,-283593.75,1.15584,0.0004994357004761696,-284179.6875,-279492.1875,4687.5,1.15584,1.1562666666666668,0.0004266666666667973,10
199,-283007.8125,1.5035733333333334,0.0009141258196905255,-284179.6875,-275390.625,8789.0625,1.5035733333333334,1.504,0.00042666666666657527,17
200,-278906.25,0.09685333333333333,0.0005498488899320364,-283593.75,-275976.5625,7617.1875,0.09642666666666666,0.09685333333333333,0.0004266666666666724,24
201,-280078.125,0.23210666666666666,0.0007020141347311437,-283593.75,-278320.3125,5273.4375,0.23210666666666666,0.23210666666666666,0.0,10
202,-280078.125,0.22912,0.0008829711587168276,-283007.8125,-278320.3125,4687.5,0.22869333333333333,0.22912,0.00042666666666665853,18
203,-280078.125,1.5744,0.0009841921273618937,-283007.8125,-278906.25,4101.5625,1.5739733333333332,1.5744,0.0004266666666667973,10
204,-258984.375,1.3422933333333333,0.0005074426298961043,-259570.3125,-250195.3125,9375.0,1.3422933333333333,1.34272,0.00042666666666657527,20
205,-258398.4375,1.4946133333333333,0.0005694915889762342,-258984.375,-250781.25,8203.125,1.4941866666666668,1.4946133333333333,0.00042666666666657527,22
206,-257226.5625,0.5589333333333333,0.00039157152059488,-257226.5625,-254882.8125,2343.75,0.5589333333333333,0.55936,0.0004266666666666863,10
207,-253710.9375,1.0116266666666667,0.0007553424802608788,-256640.625,-251367.1875,5273.4375,1.0112,1.0120533333333332,0.0008533333333331505,14
208,-254882.8125,0.50304,0.0006644196109846234,-255468.75,-251367.1875,4101.5625,0.50304,0.5034666666666666,0.00042666666666657527,12
209,-250195.3125,0.30250666666666665,0.0003452995733823627,-253125.0,-247265.625,5859.375,0.30250666666666665,0.30293333333333333,0.0004266666666666863,19
210,-228515.625,0.5764266666666666,0.0006657932535745203,-230859.375,-225585.9375,5273.4375,0.576,0.5764266666666666,0.0004266666666666863,11
211,-227343.75,0.24490666666666666,0.0015051553491503,-229687.5,-224414.0625,5273.4375,0.24448,0.24533333333333332,0.0008533333333333171,21
212,-224414.0625,0.031573333333333335,0.0005129303317517042,-226757.8125,-222070.3125,4687.5,0.031146666666666666,0.031573333333333335,0.00042666666666666894,11
213,-88476.5625,1.3832533333333332,0.0007547592394985259,-90234.375,-85546.875,4687.5,1.3819733333333333,1.3832533333333332,0.0012799999999999478,18
214,-79101.5625,0.18730666666666668,0.0007214273209683597,-84375.0,-76757.8125,7617.1875,0.18688,0.18773333333333334,0.0008533333333333448,30
215,-79687.5,1.4097066666666667,0.0006146534578874707,-82031.25,-77929.6875,4101.5625,1.4097066666666667,1.4101333333333332,0.00042666666666657527,15
216,-61523.4375,0.27946666666666664,0.001209637732245028,-63867.1875,-55664.0625,8203.125,0.27904,0.2798933333333333,0.0008533333333333171,22
217,-59765.625,1.3832533333333332,0.001162318978458643,-62695.3125,-55078.125,7617.1875,1.3824,1.3832533333333332,0.0008533333333331505,21
218,-60937.5,0.17237333333333332,0.0007797775324434042,-62109.375,-56835.9375,5273.4375,0.17237333333333332,0.1728,0.0004266666666666863,14
219,-60351.5625,0.95488,0.0010717042023316026,-60937.5,-57421.875,3515.625,0.9544533333333334,0.95488,0.00042666666666657527,12
220,-58593.75,1.1089066666666667,0.000582885229960084,-60351.5625,-57421.875,2929.6875,1.10848,1.1089066666666667,0.0004266666666667973,10
221,-53906.25,0.4053333333333333,0.0004401686310302466,-56250.0,-52734.375,3515.625,0.4053333333333333,0.40576,0.0004266666666666863,10
222,-52148.4375,0.9493333333333334,0.0009236089535988867,-56250.0,-49804.6875,6445.3125,0.9489066666666667,0.9493333333333334,0.0004266666666666863,14
223,-52734.375,1.4097066666666667,0.0007489563431590796,-56250.0,-48632.8125,7617.1875,1.4097066666666667,1.4101333333333332,0.00042666666666657527,22
224,-48632.8125,0.18730666666666668,0.00033373909536749125,-53320.3125,-46875.0,6445.3125,0.18730666666666668,0.18730666666666668,0.0,12
225,-36328.125,1.3111466666666667,0.0006380905397236347,-38671.875,-33984.375,4687.5,1.31072,1.3111466666666667,0.00042666666666657527,10
226,-36914.0625,1.3239466666666666,0.0008463212288916111,-38671.875,-33984.375,4687.5,1.3239466666666666,1.3243733333333334,0.0004266666666667973,13
227,-32812.5,1.2155733333333334,0.0015371599001809955,-37500.0,-31640.625,5859.375,1.2151466666666666,1.2155733333333334,0.0004266666666667973,14
228,-33984.375,1.0760533333333333,0.0011693226406350732,-36914.0625,-30468.75,6445.3125,1.0760533333333333,1.07648,0.0004266666666667973,17
229,-35742.1875,0.4053333333333333,0.000885788060259074,-36328.125,-33398.4375,2929.6875,0.4053333333333333,0.40576,0.0004266666666666863,10
230,-35742.1875,0.6715733333333334,0.0005441582761704922,-36328.125,-31640.625,4687.5,0.6711466666666667,0.6715733333333334,0.0004266666666666863,10
231,-33984.375,0.3575466666666667,0.0009315824718214571,-35742.1875,-29882.8125,5859.375,0.3575466666666667,0.3575466666666667,0.0,11
232,-21093.75,1.5479466666666666,0.0024166798684746027,-22265.625,-19335.9375,2929.6875,1.5479466666666666,1.5483733333333334,0.0004266666666667973,11
233,-17578.125,0.32768,0.0010688084876164794,-21093.75,-16992.1875,4101.5625,0.32768,0.32810666666666666,0.0004266666666666308,12
234,-14648.4375,0.06229333333333333,0.0026005334220826626,-19921.875,-14648.4375,5273.4375,0.06229333333333333,0.06272,0.00042666666666666547,12
235,-16406.25,0.34901333333333334,0.0014622200978919864,-19921.875,-14648.4375,5273.4375,0.34901333333333334,0.34901333333333334,0.0,10
236,-12304.6875,0.03968,0.0033142019528895617,-18750.0,-9960.9375,8789.0625,0.03968,0.03968,0.0,16
237,-12304.6875,0.9301333333333334,0.0070023792795836926,-17578.125,-12304.6875,5273.4375,0.9301333333333334,0.93056,0.0004266666666666863,17
238,-12890.625,1.44128,0.0014398627681657672,-17578.125,-9960.9375,7617.1875,1.44128,1.4417066666666667,0.0004266666666667973,23
239,-15234.375,1.1165866666666666,0.0010589243611320853,-16992.1875,-13476.5625,3515.625,1.1165866666666666,1.1170133333333334,0.0004266666666667973,12
240,-12890.625,0.2922666666666667,0.009615364484488964,-15820.3125,-9960.9375,5859.375,0.2922666666666667,0.29269333333333336,0.0004266666666666863,18
241,-11132.8125,1.4839466666666667,0.006458682008087635,-15820.3125,-10546.875,5273.4375,1.4839466666666667,1.4839466666666667,0.0,10
242,-7617.1875,1.3192533333333334,0.0044985488057136536,-10546.875,-4101.5625,6445.3125,1.3192533333333334,1.3192533333333334,0.0,12
243,1757.8125,0.8401066666666667,0.0036284246016293764,-9375.0,3515.625,12890.625,0.83968,0.8401066666666667,0.0004266666666666863,26
244,2929.6875,0.5533866666666667,0.004894197918474674,-8203.125,6445.3125,14648.4375,0.5533866666666667,0.5533866666666667,0.0,26
245,-1171.875,0.3776,0.006598052568733692,-7617.1875,5859.375,13476.5625,0.37717333333333336,0.3776,0.0004266666666666308,30
246,-7031.25,0.44416,0.007424493785947561,-7617.1875,5859.375,13476.5625,0.4437333333333333,0.44416,0.0004266666666666863,40
247,-1757.8125,0.8610133333333333,0.004116817843168974,-7617.1875,4101.5625,11718.75,0.8605866666666667,0.8610133333333333,0.00042666666666657527,35
248,-1171.875,0.85376,0.004966832231730223,-7031.25,7617.1875,14648.4375,0.85376,0.8541866666666666,0.0004266666666666863,27
249,-1171.875,1.2919466666666666,0.005180362146347761,-7031.25,6445.3125,13476.5625,1.29152,1.2919466666666666,0.00042666666666657527,45
250,-2343.75,0.37162666666666666,0.003967244643718004,-6445.3125,5859.375,12304.6875,0.37162666666666666,0.37205333333333335,0.0004266666666666863,36
251,2929.6875,0.54784,0.006113164592534304,-6445.3125,6445.3125,12890.625,0.54784,0.54784,0.0,23
252,-2343.75,0.9284266666666666,0.006149763707071543,-6445.3125,5859.375,12304.6875,0.9284266666666666,0.9284266666666666,0.0,22
253,1171.875,1.0935466666666667,0.005656207446008921,-6445.3125,5859.375,12304.6875,1.0935466666666667,1.0935466666666667,0.0,22
254,-1171.875,1.1221333333333334,0.011566718108952045,-6445.3125,2929.6875,9375.0,1.1217066666666666,1.12256,0.0008533333333333726,32
255,-585.9375,0.27136,0.035669438540935516,-5859.375,5859.375,11718.75,0.27093333333333336,0.2717866666666667,0.0008533333333333171,35
256,-585.9375,0.5841066666666667,0.005496613215655088,-5859.375,5859.375,11718.75,0.5841066666666667,0.5845333333333333,0.0004266666666666863,23
257,-2929.6875,0.74752,0.011256547644734383,-5859.375,4687.5,10546.875,0.74752,0.7479466666666666,0.0004266666666666863,34
258,1171.875,1.03424,0.005394240375608206,-5859.375,5273.4375,11132.8125,1.0338133333333333,1.0346666666666666,0.0008533333333333726,30
259,1171.875,0.19242666666666666,0.026588095352053642,-5273.4375,2929.6875,8203.125,0.192,0.19285333333333332,0.0008533333333333171,29
260,0.0,0.27946666666666664,0.06361731886863708,-5273.4375,5273.4375,10546.875,0.27904,0.2798933333333333,0.0008533333333333171,39
261,4101.5625,0.39424,0.009821433573961258,-5273.4375,5859.375,11132.8125,0.39424,0.39424,0.0,20
262,1757.8125,0.4002133333333333,0.015620265156030655,-5273.4375,4687.5,9960.9375,0.3997866666666667,0.40064,0.0008533333333333171,44
263,-1757.8125,0.4053333333333333,0.013432716019451618,-5273.4375,4687.5,9960.9375,0.4053333333333333,0.40576,0.0004266666666666863,34
264,-1757.8125,0.41130666666666665,0.014688581228256226,-5273.4375,3515.625,8789.0625,0.41088,0.41173333333333334,0.0008533333333333171,30
265,0.0,1.6413866666666668,0.05597277358174324,-5273.4375,2929.6875,8203.125,1.64096,1.6418133333333333,0.0008533333333333726,35
266,1171.875,0.031573333333333335,0.01969749853014946,-4687.5,4687.5,9375.0,0.031146666666666666,0.032,0.0008533333333333344,36
267,-1171.875,0.17237333333333332,0.023841965943574905,-4687.5,4687.5,9375.0,0.17237333333333332,0.1728,0.0004266666666666863,29
268,-2343.75,0.24490666666666666,0.03190116956830025,-4687.5,4687.5,9375.0,0.24405333333333334,0.24533333333333332,0.0012799999999999756,47
269,-1171.875,0.30208,0.024981234222650528,-4687.5,3515.625,8203.125,0.30165333333333333,0.30293333333333333,0.0012800000000000034,52
270,1171.875,0.41685333333333335,0.012451007030904293,-4687.5,5273.4375,9960.9375,0.41685333333333335,0.41728,0.0004266666666666308,22
271,-1171.875,0.5589333333333333,0.010082220658659935,-4687.5,4687.5,9375.0,0.5589333333333333,0.55936,0.0004266666666666863,33
272,1171.875,0.71552,0.012298048473894596,-4687.5,5859.375,10546.875,0.71552,0.7159466666666666,0.00042666666666657527,21
273,-1757.8125,0.72192,0.006975227501243353,-4687.5,3515.625,8203.125,0.7214933333333333,0.72192,0.0004266666666666863,24
274,1171.875,0.72832,0.01149802003055811,-4687.5,4687.5,9375.0,0.72832,0.7287466666666667,0.0004266666666666863,22
275,0.0,0.7671466666666666,0.010192632675170898,-4687.5,2929.6875,7617.1875,0.76672,0.7671466666666666,0.0004266666666666863,25
276,0.0,0.8738133333333333,0.02666684426367283,-4687.5,4687.5,9375.0,0.8738133333333333,0.87424,0.0004266666666666863,28
277,-1171.875,0.9476266666666666,0.02178366109728813,-4687.5,4101.5625,8789.0625,0.9472,0.9480533333333333,0.0008533333333332616,27
278,-1171.875,1.0116266666666667,0.013468945398926735,-4687.5,4101.5625,8789.0625,1.0112,1.0120533333333332,0.0008533333333331505,30
279,-1757.8125,1.04448,0.0076574780978262424,-4687.5,-1757.8125,2929.6875,1.04448,1.0449066666666667,0.00042666666666657527,10
280,0.0,1.10848,0.05720541626214981,-4687.5,4687.5,9375.0,1.1080533333333333,1.1089066666666667,0.0008533333333333726,35
281,585.9375,1.1835733333333334,0.02038511261343956,-4687.5,4101.5625,8789.0625,1.1835733333333334,1.184,0.00042666666666657527,25
282,585.9375,1.2155733333333334,0.01249341107904911,-4687.5,4687.5,9375.0,1.2151466666666666,1.2155733333333334,0.0004266666666667973,26
283,-2343.75,1.2693333333333334,0.014146756380796432,-4687.5,4687.5,9375.0,1.2689066666666666,1.26976,0.0008533333333333726,44
284,1757.8125,1.3111466666666667,0.008479457348585129,-4687.5,5273.4375,9960.9375,1.31072,1.3124266666666666,0.0017066666666665231,34
285,-2343.75,1.3303466666666666,0.0031076602172106504,-4687.5,4687.5,9375.0,1.3294933333333334,1.3303466666666666,0.0008533333333331505,19
286,1171.875,1.4946133333333333,0.016374370083212852,-4687.5,4101.5625,8789.0625,1.4941866666666668,1.4946133333333333,0.00042666666666657527,29
287,-585.9375,1.5232,0.015289106406271458,-4687.5,4687.5,9375.0,1.5227733333333333,1.5232,0.0004266666666667973,32
288,-1171.875,0.15104,0.016227802261710167,-4101.5625,4101.5625,8203.125,0.15061333333333332,0.15104,0.0004266666666666863,26
289,-1171.875,0.1664,0.0038273909594863653,-4101.5625,3515.625,7617.1875,0.1664,0.16682666666666668,0.0004266666666666863,26
290,-1757.8125,0.3170133333333333,0.014131119474768639,-4101.5625,4101.5625,8203.125,0.3165866666666667,0.3170133333333333,0.0004266666666666308,27
291,1171.875,0.5674666666666667,0.016368959099054337,-4101.5625,4101.5625,8203.125,0.5674666666666667,0.5674666666666667,0.0,15
292,1171.875,0.5764266666666666,0.01197677943855524,-4101.5625,4101.5625,8203.125,0.576,0.5764266666666666,0.0004266666666666863,22
293,3515.625,0.70272,0.0058874525129795074,-4101.5625,4101.5625,8203.125,0.70272,0.70272,0.0,15
294,2929.6875,0.75392,0.011407381854951382,-4101.5625,3515.625,7617.1875,0.75392,0.7543466666666667,0.0004266666666666863,25
295,-1757.8125,0.7799466666666667,0.007183772977441549,-4101.5625,1171.875,5273.4375,0.77952,0.7799466666666667,0.0004266666666666863,13
296,-1171.875,0.9723733333333333,0.017439723014831543,-4101.5625,4687.5,8789.0625,0.9723733333333333,0.9728,0.0004266666666666863,27
297,1171.875,0.9873066666666667,0.006567071191966534,-4101.5625,4101.5625,8203.125,0.98688,0.9873066666666667,0.0004266666666666863,17
298,-3515.625,1.16608,0.008561475202441216,-4101.5625,1757.8125,5859.375,1.16608,1.16608,0.0,11
299,-1757.8125,1.2266666666666666,0.017395636066794395,-4101.5625,3515.625,7617.1875,1.22624,1.2266666666666666,0.00042666666666657527,17
300,1171.875,1.2770133333333333,0.016906345263123512,-4101.5625,4101.5625,8203.125,1.27616,1.2770133333333333,0.0008533333333333726,35
301,-1171.875,1.3380266666666667,0.019709041342139244,-4101.5625,3515.625,7617.1875,1.3380266666666667,1.3380266666666667,0.0,14
302,-1757.8125,1.3947733333333334,0.006037021987140179,-4101.5625,2343.75,6445.3125,1.3943466666666666,1.3947733333333334,0.0004266666666667973,20
303,-1171.875,1.4574933333333333,0.013479313813149929,-4101.5625,4101.5625,8203.125,1.4574933333333333,1.45792,0.0004266666666667973,16
304,-1757.8125,1.5658666666666667,0.010647411458194256,-4101.5625,4687.5,8789.0625,1.56544,1.5658666666666667,0.0004266666666667973,19
305,-1757.8125,1.5872,0.026082420721650124,-4101.5625,4687.5,8789.0625,1.5867733333333334,1.5876266666666667,0.0008533333333333726,25
306,-1171.875,1.6,0.019822873175144196,-4101.5625,3515.625,7617.1875,1.6,1.6004266666666667,0.00042666666666657527,25
307,-1757.8125,0.007253333333333333,0.015116455964744091,-3515.625,3515.625,7031.25,0.006826666666666667,0.007253333333333333,0.00042666666666666634,24
308,-1171.875,0.0576,0.01768091507256031,-3515.625,3515.625,7031.25,0.05717333333333333,0.0576,0.00042666666666666547,19
309,-2929.6875,0.14165333333333333,0.009497744962573051,-3515.625,1171.875,4687.5,0.14165333333333333,0.14336,0.0017066666666666619,21
310,-1171.875,0.20096,0.015893200412392616,-3515.625,4101.5625,7617.1875,0.20053333333333334,0.20096,0.00042666666666665853,24
311,1171.875,0.23381333333333335,0.01470488402992487,-3515.625,3515.625,7031.25,0.23210666666666666,0.23424,0.002133333333333348,52
312,2929.6875,0.26069333333333333,0.014048941433429718,-3515.625,4101.5625,7617.1875,0.26026666666666665,0.26112,0.0008533333333333726,25
313,-1757.8125,0.33493333333333336,0.005326472222805023,-3515.625,4101.5625,7617.1875,0.33493333333333336,0.33536,0.0004266666666666308,18
314,585.9375,0.42965333333333333,0.00945137720555067,-3515.625,4101.5625,7617.1875,0.42922666666666665,0.42965333333333333,0.0004266666666666863,20
315,1171.875,0.4898133333333333,0.01671767234802246,-3515.625,3515.625,7031.25,0.4898133333333333,0.49024,0.0004266666666666863,21
316,0.0,0.49706666666666666,0.018665729090571404,-3515.625,3515.625,7031.25,0.49536,0.49706666666666666,0.0017066666666666341,58
317,-1171.875,0.5141333333333333,0.018509291112422943,-3515.625,3515.625,7031.25,0.51328,0.51456,0.0012800000000000589,33
318,1171.875,0.5192533333333333,0.022971130907535553,-3515.625,5273.4375,8789.0625,0.5188266666666667,0.5192533333333333,0.0004266666666666863,22
319,-1171.875,0.65664,0.020049994811415672,-3515.625,2929.6875,6445.3125,0.6562133333333333,0.6570666666666667,0.0008533333333333726,18
320,1171.875,0.6677333333333333,0.023321334272623062,-3515.625,4687.5,8203.125,0.6673066666666667,0.6677333333333333,0.00042666666666657527,27
321,1171.875,0.68736,0.012844976969063282,-3515.625,4101.5625,7617.1875,0.68736,0.6877866666666667,0.0004266666666666863,24
322,1757.8125,0.9173333333333333,0.015520133078098297,-3515.625,4101.5625,7617.1875,0.9173333333333333,0.9173333333333333,0.0,14
323,1171.875,0.9403733333333333,0.01628541760146618,-3515.625,4101.5625,7617.1875,0.9403733333333333,0.9408,0.0004266666666666863,20
324,1171.875,0.95616,0.014497825875878334,-3515.625,3515.625,7031.25,0.9544533333333334,0.95616,0.0017066666666666341,57
325,-2343.75,0.9672533333333333,0.009655439294874668,-3515.625,5859.375,9375.0,0.9668266666666666,0.9672533333333333,0.0004266666666666863,21
326,1171.875,1.0039466666666668,0.016697529703378677,-3515.625,4687.5,8203.125,1.00352,1.0039466666666668,0.0004266666666667973,22
327,0.0,1.1285333333333334,0.013187522068619728,-3515.625,5273.4375,8789.0625,1.1281066666666666,1.12896,0.0008533333333333726,26
328,-1757.8125,1.13792,0.006437872536480427,-3515.625,4687.5,8203.125,1.1374933333333332,1.13792,0.0004266666666667973,21
329,-2343.75,1.1524266666666667,0.021176626905798912,-3515.625,3515.625,7031.25,1.152,1.1524266666666667,0.0004266666666667973,25
330,2343.75,1.2032,0.015344380401074886,-3515.625,3515.625,7031.25,1.2032,1.2036266666666666,0.00042666666666657527,25
331,1171.875,1.2612266666666667,0.0038341793697327375,-3515.625,4101.5625,7617.1875,1.2608,1.2612266666666667,0.0004266666666667973,25
332,1757.8125,1.3422933333333333,0.015248515643179417,-3515.625,2929.6875,6445.3125,1.3422933333333333,1.34272,0.00042666666666657527,18
333,2929.6875,1.3623466666666666,0.01316028367727995,-3515.625,6445.3125,9960.9375,1.3623466666666666,1.3627733333333334,0.0004266666666667973,30
334,2343.75,1.4097066666666667,0.005796427372843027,-3515.625,2929.6875,6445.3125,1.4097066666666667,1.4101333333333332,0.00042666666666657527,18
335,1171.875,1.61152,0.021644430235028267,-3515.625,3515.625,7031.25,1.61152,1.6119466666666666,0.00042666666666657527,17
336,-1171.875,0.08576,0.014349935576319695,-2929.6875,3515.625,6445.3125,0.08533333333333333,0.08576,0.0004266666666666724,19
337,-1171.875,0.16042666666666666,0.005365691613405943,-2929.6875,4101.5625,7031.25,0.16,0.16042666666666666,0.00042666666666665853,15
338,1757.8125,0.18730666666666668,0.001759334816597402,-2929.6875,4101.5625,7031.25,0.18730666666666668,0.18730666666666668,0.0,13
339,1171.875,0.3562666666666667,0.01579541712999344,-2929.6875,5273.4375,8203.125,0.35584,0.3575466666666667,0.0017066666666666896,47
340,1171.875,0.3831466666666667,0.013262570835649967,-2929.6875,2929.6875,5859.375,0.3831466666666667,0.3844266666666667,0.0012800000000000034,33
341,585.9375,0.47530666666666666,0.02974516712129116,-2929.6875,3515.625,6445.3125,0.47530666666666666,0.47530666666666666,0.0,12
342,1757.8125,0.50304,0.01903519034385681,-2929.6875,2929.6875,5859.375,0.50304,0.5034666666666666,0.00042666666666657527,12
343,-1171.875,0.69632,0.0124260438606143,-2929.6875,585.9375,3515.625,0.69632,0.6967466666666666,0.00042666666666657527,11
344,-585.9375,0.7735466666666667,0.006764050107449293,-2929.6875,2343.75,5273.4375,0.7735466666666667,0.7739733333333333,0.00042666666666657527,14
345,0.0,0.7918933333333333,0.0026611555367708206,-2929.6875,3515.625,6445.3125,0.7918933333333333,0.79232,0.0004266666666666863,13
346,-2929.6875,0.91136,0.010535241104662418,-2929.6875,2929.6875,5859.375,0.91136,0.9117866666666666,0.0004266666666666863,13
347,585.9375,1.0760533333333333,0.009210292249917984,-2929.6875,2929.6875,5859.375,1.0760533333333333,1.07648,0.0004266666666667973,18
348,0.0,1.2202666666666666,0.018670981749892235,-2929.6875,4101.5625,7031.25,1.21984,1.2202666666666666,0.00042666666666657527,22
349,0.0,1.3239466666666666,0.015294660814106464,-2929.6875,2343.75,5273.4375,1.3239466666666666,1.3243733333333334,0.0004266666666667973,18
350,1171.875,1.536,0.006020930130034685,-2929.6875,4101.5625,7031.25,1.5355733333333332,1.536,0.0004266666666667973,14
351,1171.875,1.5428266666666666,0.004231316037476063,-2929.6875,2343.75,5273.4375,1.5424,1.5428266666666666,0.00042666666666657527,12
352,585.9375,1.5799466666666666,0.01625925861299038,-2929.6875,2929.6875,5859.375,1.5799466666666666,1.5803733333333334,0.0004266666666667973,20
353,2929.6875,0.4864,0.026250364258885384,-2343.75,3515.625,5859.375,0.4859733333333333,0.4864,0.0004266666666666863,13
354,585.9375,0.5294933333333334,0.03524377942085266,-2343.75,2343.75,4687.5,0.5290666666666667,0.52992,0.0008533333333332616,20
355,-1171.875,0.7377066666666666,0.02166946791112423,-2343.75,2929.6875,5273.4375,0.73728,0.7377066666666666,0.00042666666666657527,19
356,-1171.875,1.056,0.013295311480760574,-2343.75,2343.75,4687.5,1.0555733333333333,1.0564266666666666,0.0008533333333333726,16
357,-1171.875,1.2522666666666666,0.009761068038642406,-2343.75,2343.75,4687.5,1.2522666666666666,1.2535466666666666,0.0012799999999999478,33
358,-1171.875,1.3354666666666666,0.012011384591460228,-2343.75,3515.625,5859.375,1.3354666666666666,1.3354666666666666,0.0,11
359,-2343.75,1.4357333333333333,0.0012950749369338155,-2343.75,5273.4375,7617.1875,1.4353066666666667,1.43616,0.0008533333333333726,23
360,585.9375,1.5522133333333332,0.010382959619164467,-2343.75,3515.625,5859.375,1.5517866666666666,1.5530666666666666,0.0012799999999999478,15
361,585.9375,1.62048,0.014348889701068401,-2343.75,2343.75,4687.5,1.6200533333333333,1.62048,0.00042666666666657527,14
362,1171.875,1.6341333333333334,0.013832665979862213,-2343.75,2343.75,4687.5,1.6341333333333334,1.63456,0.00042666666666657527,18
363,-1171.875,0.07424,0.009029194712638855,-1757.8125,1757.8125,3515.625,0.07296,0.07424,0.0012800000000000034,23
364,1757.8125,0.09429333333333334,0.013495118357241154,-1757.8125,1757.8125,3515.625,0.09429333333333334,0.09472,0.00042666666666665853,14
365,0.0,0.34432,0.009705597534775734,-1757.8125,1757.8125,3515.625,0.34389333333333333,0.34432,0.0004266666666666863,13
366,1171.875,0.5090133333333333,0.012835425324738026,-1757.8125,1171.875,2929.6875,0.5085866666666666,0.5090133333333333,0.0004266666666666863,11
367,1757.8125,0.8106666666666666,0.013651106506586075,-1757.8125,5273.4375,7031.25,0.81024,0.8110933333333333,0.0008533333333333726,24
368,-1171.875,1.1170133333333334,0.0015692220767959952,-1757.8125,2343.75,4101.5625,1.1165866666666666,1.1170133333333334,0.0004266666666667973,13
369,-585.9375,1.1456,0.018702110275626183,-1757.8125,6445.3125,8203.125,1.1451733333333334,1.1460266666666667,0.0008533333333333726,24
370,1171.875,1.24416,0.010135247372090816,-1757.8125,2929.6875,4687.5,1.24288,1.24416,0.0012799999999999478,19
371,0.0,1.3824,0.04187420755624771,-1757.8125,1757.8125,3515.625,1.3819733333333333,1.3828266666666666,0.0008533333333333726,17
372,1171.875,1.41696,0.012461970560252666,-1757.8125,2343.75,4101.5625,1.4165333333333334,1.4173866666666666,0.0008533333333331505,16
373,-1171.875,1.52704,0.00935575645416975,-1757.8125,1757.8125,3515.625,1.52704,1.5274666666666668,0.0004266666666667973,13
374,0.0,1.6290133333333334,0.053825683891773224,-1757.8125,5273.4375,7031.25,1.6285866666666666,1.6290133333333334,0.0004266666666667973,19
375,0.0,1.6541866666666667,0.034573744982481,-1757.8125,1757.8125,3515.625,1.65376,1.6541866666666667,0.0004266666666667973,12
376,585.9375,0.32256,0.015356947667896748,-1171.875,1171.875,2343.75,0.3221333333333333,0.32256,0.0004266666666666863,10
377,2929.6875,0.45610666666666666,0.007589662913233042,-1171.875,5859.375,7031.25,0.45610666666666666,0.45610666666666666,0.0,13
378,0.0,1.3034666666666668,0.000862213724758476,-585.9375,0.0,585.9375,1.30048,1.3056,0.005120000000000013,14
379,5273.4375,0.5384533333333333,0.005946974735707045,2343.75,8203.125,5859.375,0.5384533333333333,0.5384533333333333,0.0,11
380,7617.1875,0.06357333333333333,0.002776601118966937,5273.4375,12304.6875,7031.25,0.06357333333333333,0.06357333333333333,0.0,13
381,9960.9375,0.039253333333333335,0.0019869287498295307,7031.25,13476.5625,6445.3125,0.039253333333333335,0.039253333333333335,0.0,12
382,14062.5,0.8238933333333334,0.0037356179673224688,9960.9375,16992.1875,7031.25,0.8234666666666667,0.8238933333333334,0.0004266666666666863,20
383,12304.6875,1.32352,0.009799995459616184,9960.9375,17578.125,7617.1875,1.3230933333333332,1.3239466666666666,0.0008533333333333726,24
384,15234.375,1.1165866666666666,0.0010180204408243299,13476.5625,16406.25,2929.6875,1.1165866666666666,1.1170133333333334,0.0004266666666667973,11
385,18750.0,0.64256,0.0013835420832037926,16992.1875,21679.6875,4687.5,0.64256,0.6429866666666667,0.0004266666666666863,13
386,20507.8125,1.21728,0.004174650181084871,18750.0,25195.3125,6445.3125,1.2168533333333333,1.21728,0.00042666666666657527,23
387,20507.8125,0.7197866666666667,0.0028600620571523905,19335.9375,25195.3125,5859.375,0.71936,0.7197866666666667,0.0004266666666666863,18
388,21093.75,1.24032,0.0052729821763932705,19335.9375,25781.25,6445.3125,1.2398933333333333,1.24032,0.0004266666666667973,13
389,20507.8125,0.8174933333333333,0.0013767073396593332,19921.875,25781.25,5859.375,0.8174933333333333,0.81792,0.0004266666666666863,12
390,26367.1875,0.18730666666666668,0.006521253846585751,21093.75,31640.625,10546.875,0.18688,0.18773333333333334,0.0008533333333333448,40
391,21679.6875,0.31104,0.0016105936374515295,21093.75,26367.1875,5273.4375,0.31061333333333335,0.31104,0.0004266666666666308,13
392,21679.6875,0.49664,0.001901937648653984,21093.75,29296.875,8203.125,0.49664,0.49706666666666666,0.0004266666666666308,19
393,25781.25,0.43648,0.002250852296128869,22265.625,29882.8125,7617.1875,0.43605333333333335,0.43648,0.0004266666666666308,27
394,22851.5625,0.6485333333333333,0.002425004029646516,22265.625,29296.875,7031.25,0.6485333333333333,0.6485333333333333,0.0,13
395,24609.375,0.6779733333333333,0.0023237094283103943,22265.625,30468.75,8203.125,0.6779733333333333,0.6784,0.0004266666666666863,26
396,22851.5625,1.0688,0.0012374811340123415,22265.625,27539.0625,5273.4375,1.0688,1.0688,0.0,10
397,26953.125,0.6613333333333333,0.0019964214880019426,22851.5625,30468.75,7617.1875,0.6609066666666666,0.6613333333333333,0.0004266666666666863,28
398,25781.25,0.42496,0.0027084057219326496,23437.5,29882.8125,6445.3125,0.42496,0.4253866666666667,0.0004266666666666863,20
399,24609.375,1.24544,0.0029638379346579313,23437.5,29882.8125,6445.3125,1.2450133333333333,1.24544,0.0004266666666667973,19
400,27539.0625,0.17450666666666667,0.003360745729878545,24023.4375,28125.0,4101.5625,0.17450666666666667,0.17493333333333333,0.00042666666666665853,15
401,25195.3125,0.43050666666666665,0.003632868640124798,24023.4375,26953.125,2929.6875,0.43050666666666665,0.43093333333333333,0.0004266666666666863,12
402,27539.0625,0.9501866666666666,0.0024654981680214405,24609.375,33398.4375,8789.0625,0.9493333333333334,0.9501866666666666,0.0008533333333332616,30
403,28710.9375,0.5141333333333333,0.004155938979238272,25195.3125,33398.4375,8203.125,0.5137066666666666,0.5141333333333333,0.0004266666666666863,24
404,31054.6875,0.4189866666666667,0.0023179901763796806,25781.25,33984.375,8203.125,0.41856,0.4189866666666667,0.0004266666666666863,22
405,35156.25,0.6715733333333334,0.0008781163487583399,32226.5625,38085.9375,5859.375,0.6715733333333334,0.6715733333333334,0.0,11
406,36328.125,1.0760533333333333,0.001315208151936531,32812.5,36914.0625,4101.5625,1.0760533333333333,1.07648,0.0004266666666667973,14
407,51562.5,1.4097066666666667,0.0010210182517766953,48046.875,55664.0625,7617.1875,1.4097066666666667,1.4101333333333332,0.00042666666666657527,24
408,52734.375,0.18730666666666668,0.0006743461126461625,49804.6875,55664.0625,5859.375,0.18688,0.18773333333333334,0.0008533333333333448,21
409,56250.0,1.6418133333333333,0.0005913544446229935,53320.3125,56835.9375,3515.625,1.6418133333333333,1.64224,0.00042666666666657527,11
410,58593.75,0.27946666666666664,0.0010640125256031752,53906.25,61523.4375,7617.1875,0.27904,0.2798933333333333,0.0008533333333333171,22
411,56835.9375,1.1387733333333334,0.0003141919441986829,53906.25,56835.9375,2929.6875,1.13792,1.1387733333333334,0.0008533333333333726,10
412,56835.9375,1.3832533333333332,0.0005978571716696024,53906.25,61523.4375,7617.1875,1.3828266666666666,1.3832533333333332,0.00042666666666657527,15
413,57421.875,1.10848,0.0005529730697162449,55664.0625,58007.8125,2343.75,1.10848,1.1089066666666667,0.0004266666666667973,10
414,59765.625,1.5872,0.0007129578734748065,55664.0625,61523.4375,5859.375,1.5872,1.5872,0.0,11
415,59179.6875,0.0576,0.0009034681716002524,56250.0,59765.625,3515.625,0.05717333333333333,0.0576,0.00042666666666666547,11
416,103125.0,1.47968,0.00045277687604539096,102539.0625,106640.625,4101.5625,1.4792533333333333,1.47968,0.0004266666666667973,11
417,133593.75,0.10154666666666666,0.0012324105482548475,128906.25,136523.4375,7617.1875,0.10154666666666666,0.10154666666666666,0.0,14
418,131250.0,0.2922666666666667,0.0005963508738204837,128906.25,133007.8125,4101.5625,0.2922666666666667,0.29269333333333336,0.0004266666666666863,16
419,134765.625,1.6247466666666666,0.000668081222102046,129492.1875,135937.5,6445.3125,1.6247466666666666,1.6247466666666666,0.0,12
420,136523.4375,1.4212266666666666,0.0008425487903878093,133007.8125,144140.625,11132.8125,1.4212266666666666,1.4212266666666666,0.0,20
421,136523.4375,0.4475733333333333,0.0008239970775321126,133593.75,140625.0,7031.25,0.4475733333333333,0.4475733333333333,0.0,13
422,142382.8125,0.9826133333333333,0.0008136907126754522,134179.6875,144140.625,9960.9375,0.9826133333333333,0.9826133333333333,0.0,18
423,138867.1875,1.44,0.0007804702036082745,134179.6875,143554.6875,9375.0,1.44,1.4404266666666667,0.0004266666666667973,24
424,140625.0,0.5870933333333334,0.0019661004189401865,134765.625,144726.5625,9960.9375,0.5866666666666667,0.5870933333333334,0.0004266666666666863,32
425,139453.125,0.41386666666666666,0.0016067053657025099,135351.5625,144726.5625,9375.0,0.41386666666666666,0.41429333333333335,0.0004266666666666863,31
426,139453.125,0.54656,0.001800933969207108,135351.5625,144726.5625,9375.0,0.54656,0.5469866666666666,0.00042666666666657527,34
427,140625.0,0.6946133333333333,0.0007108594290912151,135351.5625,142968.75,7617.1875,0.6946133333333333,0.69504,0.0004266666666666863,15
428,138867.1875,0.7556266666666667,0.0027614033315330744,135351.5625,145312.5,9960.9375,0.7552,0.7560533333333334,0.0008533333333333726,32
429,139453.125,1.5744,0.0010564582189545035,135351.5625,143554.6875,8203.125,1.5744,1.5748266666666666,0.00042666666666657527,17
430,139453.125,0.9160533333333334,0.0029521470423787832,135937.5,144726.5625,8789.0625,0.9156266666666667,0.91648,0.0008533333333332616,24
431,137109.375,1.2689066666666666,0.00042080142884515226,135937.5,141210.9375,5273.4375,1.2689066666666666,1.2693333333333334,0.0004266666666667973,12
432,140625.0,0.31189333333333336,0.0027890384662896395,136523.4375,145312.5,8789.0625,0.31146666666666667,0.31232,0.0008533333333333171,26
433,139453.125,1.15584,0.0007587940199300647,136523.4375,141796.875,5273.4375,1.15584,1.1562666666666668,0.0004266666666667973,13
434,141796.875,0.09685333333333333,0.001168141490779817,137109.375,144726.5625,7617.1875,0.09642666666666666,0.09685333333333333,0.0004266666666666724,25
435,140039.0625,0.6993066666666666,0.0009955374989658594,137109.375,144140.625,7031.25,0.6993066666666666,0.6997333333333333,0.0004266666666666863,18
436,138867.1875,1.5035733333333334,0.0009215289610438049,137109.375,141796.875,4687.5,1.5031466666666666,1.504,0.0008533333333333726,11
437,142968.75,0.16554666666666668,0.0011749259429052472,137695.3125,143554.6875,5859.375,0.16554666666666668,0.16554666666666668,0.0,11
438,141210.9375,0.22912,0.0009274759795516729,137695.3125,144140.625,6445.3125,0.22869333333333333,0.22912,0.00042666666666665853,21
439,140039.0625,1.0530133333333334,0.0006502285250462592,137695.3125,144140.625,6445.3125,1.0530133333333334,1.0530133333333334,0.0,12
440,141210.9375,1.61024,0.0008129578782245517,138281.25,144140.625,5859.375,1.61024,1.6106666666666667,0.0004266666666667973,20
441,142382.8125,0.44032,0.0007482494693249464,140039.0625,143554.6875,3515.625,0.44032,0.4407466666666667,0.0004266666666666863,11
442,147656.25,1.2206933333333334,0.0016740120481699705,142382.8125,150000.0,7617.1875,1.2206933333333334,1.22112,0.00042666666666657527,25
443,145312.5,0.10538666666666667,0.0009265746921300888,142968.75,148828.125,5859.375,0.10538666666666667,0.10538666666666667,0.0,11
444,145898.4375,1.1639466666666667,0.0012521552853286266,142968.75,151171.875,8203.125,1.1639466666666667,1.1643733333333333,0.00042666666666657527,21
445,144726.5625,1.4741333333333333,0.0010565990814939141,142968.75,150000.0,7031.25,1.4741333333333333,1.47456,0.0004266666666667973,22
446,145898.4375,0.1216,0.0007598648080602288,143554.6875,150000.0,6445.3125,0.12117333333333333,0.1216,0.0004266666666666724,18
447,144726.5625,1.56928,0.0008692936389707029,143554.6875,148242.1875,4687.5,1.5688533333333334,1.56928,0.00042666666666657527,17
448,146484.375,0.15104,0.00040213801548816264,144140.625,147656.25,3515.625,0.15061333333333332,0.15104,0.0004266666666666863,11
449,154687.5,1.3239466666666666,0.0010131120216101408,148828.125,154687.5,5859.375,1.3239466666666666,1.3243733333333334,0.0004266666666667973,16
450,149414.0625,1.40672,0.0008427193388342857,148828.125,156445.3125,7617.1875,1.40672,1.4071466666666668,0.0004266666666667973,17
451,154687.5,0.8529066666666667,0.0012359321117401123,149414.0625,157031.25,7617.1875,0.8529066666666667,0.8533333333333334,0.0004266666666666863,28
452,153515.625,1.3819733333333333,0.0006716631469316781,150000.0,155273.4375,5273.4375,1.3819733333333333,1.3824,0.0004266666666667973,15
453,152929.6875,1.6341333333333334,0.0015799673274159431,150000.0,155859.375,5859.375,1.6341333333333334,1.63456,0.00042666666666657527,20
454,150585.9375,0.384,0.0006182276410982013,150585.9375,155273.4375,4687.5,0.384,0.3844266666666667,0.0004266666666666863,12
455,154687.5,1.08544,0.001148550072684884,150585.9375,157617.1875,7031.25,1.08544,1.0858666666666668,0.0004266666666667973,21
456,155273.4375,1.536,0.0012948918156325817,151171.875,156445.3125,5273.4375,1.5355733333333332,1.536,0.0004266666666667973,15
457,154101.5625,0.22058666666666665,0.0005494490615092218,151757.8125,156445.3125,4687.5,0.22016,0.22058666666666665,0.00042666666666665853,13
458,152343.75,1.27616,0.0007725455798208714,151757.8125,155273.4375,3515.625,1.2757333333333334,1.27616,0.00042666666666657527,11
459,160546.875,1.60512,0.0011039726668968797,154101.5625,167578.125,13476.5625,1.6046933333333333,1.60512,0.0004266666666667973,29
460,162304.6875,0.5691733333333333,0.0015821990091353655,155859.375,164648.4375,8789.0625,0.5687466666666666,0.5696,0.0008533333333333726,25
461,159375.0,1.5223466666666667,0.0008504462894052267,155859.375,166406.25,10546.875,1.5223466666666667,1.5223466666666667,0.0,19
462,162304.6875,0.06442666666666666,0.0017156406538560987,158789.0625,165820.3125,7031.25,0.06442666666666666,0.06485333333333333,0.0004266666666666724,24
463,166406.25,0.52992,0.0008483664714731276,161718.75,171093.75,9375.0,0.5294933333333334,0.5303466666666666,0.0008533333333332616,20
464,168750.0,0.43178666666666665,0.0017245294293388724,163476.5625,171093.75,7617.1875,0.43178666666666665,0.43221333333333334,0.0004266666666666863,19
465,170507.8125,0.99968,0.0015292343450710177,163476.5625,172265.625,8789.0625,0.9992533333333333,0.99968,0.0004266666666666863,17
466,168750.0,0.12117333333333333,0.0013391331303864717,164062.5,172265.625,8203.125,0.12074666666666667,0.1216,0.0008533333333333309,24
467,168750.0,0.5077333333333334,0.0006259855581447482,164062.5,171093.75,7031.25,0.5077333333333334,0.50816,0.00042666666666657527,24
468,168750.0,0.9335466666666666,0.0015781050315126777,164062.5,172851.5625,8789.0625,0.93312,0.9339733333333333,0.0008533333333333726,22
469,171679.6875,1.0338133333333333,0.0008610131335444748,164062.5,174023.4375,9960.9375,1.0338133333333333,1.0338133333333333,0.0,18
470,166406.25,1.6162133333333333,0.0012444418389350176,164062.5,172851.5625,8789.0625,1.6157866666666667,1.6162133333333333,0.00042666666666657527,18
471,169335.9375,0.037546666666666666,0.0010053453734144568,164648.4375,171093.75,6445.3125,0.037546666666666666,0.03797333333333333,0.00042666666666666547,17
472,168750.0,0.08917333333333333,0.0011291096452623606,164648.4375,172851.5625,8203.125,0.08917333333333333,0.0896,0.0004266666666666724,28
473,169921.875,0.10666666666666667,0.001125678070820868,164648.4375,174023.4375,9375.0,0.10624,0.10666666666666667,0.0004266666666666724,24
474,167578.125,0.15701333333333334,0.0010363840265199542,164648.4375,171679.6875,7031.25,0.15658666666666668,0.15701333333333334,0.00042666666666665853,26
475,166406.25,0.37546666666666667,0.0005775552126578987,164648.4375,171679.6875,7031.25,0.37546666666666667,0.37546666666666667,0.0,13
476,168164.0625,0.49066666666666664,0.001284701400436461,164648.4375,172265.625,7617.1875,0.49024,0.49066666666666664,0.0004266666666666308,27
477,168164.0625,0.5184,0.001452856813557446,164648.4375,172265.625,7617.1875,0.5184,0.5188266666666667,0.0004266666666666863,25
478,171093.75,1.2864,0.0014223329490050673,164648.4375,172851.5625,8203.125,1.2864,1.2868266666666666,0.00042666666666657527,16
479,167578.125,1.4600533333333334,0.0011573078809306026,164648.4375,173437.5,8789.0625,1.4596266666666666,1.4600533333333334,0.0004266666666667973,18
480,166406.25,1.6610133333333332,0.0013097465271130204,164648.4375,172851.5625,8203.125,1.6610133333333332,1.66144,0.0004266666666667973,27
481,168164.0625,0.3191466666666667,0.0011211453238502145,165234.375,172851.5625,7617.1875,0.31872,0.3191466666666667,0.0004266666666666863,27
482,168750.0,0.49877333333333335,0.003092557890340686,165234.375,173437.5,8203.125,0.49834666666666666,0.4992,0.0008533333333333171,27
483,172851.5625,0.5981866666666666,0.0009569873800501227,165234.375,173437.5,8203.125,0.5981866666666666,0.5981866666666666,0.0,15
484,169335.9375,0.6805333333333333,0.0008544230950064957,165234.375,171679.6875,6445.3125,0.6801066666666666,0.6805333333333333,0.0004266666666666863,24
485,169335.9375,1.01504,0.0012203231453895569,165234.375,172265.625,7031.25,1.0146133333333334,1.01504,0.00042666666666657527,24
486,169921.875,1.3256533333333334,0.0019847110379487276,165234.375,173437.5,8203.125,1.3256533333333334,1.32608,0.00042666666666657527,24
487,168164.0625,0.030293333333333332,0.0008982833824120462,165820.3125,170507.8125,4687.5,0.02944,0.03072,0.0012799999999999999,16
488,167578.125,0.20565333333333333,0.0014383653178811073,165820.3125,173437.5,7617.1875,0.20522666666666667,0.20565333333333333,0.00042666666666665853,25
489,173437.5,0.45312,0.0007742585148662329,165820.3125,175195.3125,9375.0,0.45312,0.45354666666666665,0.0004266666666666308,22
490,167578.125,0.7313066666666667,0.0007439964101649821,165820.3125,176367.1875,10546.875,0.7304533333333333,0.7313066666666667,0.0008533333333333726,33
491,168164.0625,1.24928,0.001434923498891294,165820.3125,171679.6875,5859.375,1.2471466666666666,1.24928,0.0021333333333333204,41
492,166992.1875,1.39264,0.000710942957084626,165820.3125,172851.5625,7031.25,1.3922133333333333,1.39264,0.0004266666666667973,23
493,170507.8125,1.4532266666666667,0.001752069336362183,165820.3125,171679.6875,5859.375,1.4528,1.4536533333333332,0.0008533333333331505,30
494,169335.9375,0.05162666666666667,0.0013618582161143422,166406.25,170507.8125,4101.5625,0.05077333333333333,0.05162666666666667,0.0008533333333333379,12
495,167578.125,0.77696,0.000682972779031843,166406.25,170507.8125,4101.5625,0.7765333333333333,0.77696,0.0004266666666666863,13
496,167578.125,1.0274133333333333,0.0009248559363186359,166406.25,169921.875,3515.625,1.0274133333333333,1.02784,0.0004266666666667973,12
497,169921.875,1.3000533333333333,0.002581618493422866,166406.25,172265.625,5859.375,1.3000533333333333,1.30048,0.0004266666666667973,18
498,168750.0,1.3124266666666666,0.002778843743726611,166406.25,175781.25,9375.0,1.312,1.3124266666666666,0.00042666666666657527,28
499,170507.8125,1.5931733333333333,0.0006346605368889868,166406.25,171093.75,4687.5,1.5931733333333333,1.5936,0.00042666666666657527,12
500,169921.875,0.26069333333333333,0.001217154087498784,166992.1875,173437.5,6445.3125,0.26069333333333333,0.26112,0.0004266666666666863,19
501,174609.375,0.41557333333333335,0.0006567735108546913,166992.1875,176953.125,9960.9375,0.41557333333333335,0.416,0.0004266666666666308,19
502,171679.6875,0.5614933333333333,0.0007309685461223125,166992.1875,172265.625,5273.4375,0.5610666666666667,0.5614933333333333,0.00042666666666657527,19
503,169921.875,0.59264,0.003182727377861738,166992.1875,176367.1875,9375.0,0.5922133333333334,0.5930666666666666,0.0008533333333332616,33
504,170507.8125,0.8469333333333333,0.0026911122258752584,166992.1875,175195.3125,8203.125,0.8465066666666666,0.84736,0.0008533333333333726,26
505,170507.8125,0.85888,0.0028368905186653137,166992.1875,175195.3125,8203.125,0.8584533333333333,0.8593066666666667,0.0008533333333333726,30
506,167578.125,0.992,0.0015064760809764266,166992.1875,171679.6875,4687.5,0.992,0.9924266666666667,0.0004266666666666863,17
507,172265.625,1.5086933333333334,0.0022584102116525173,166992.1875,175781.25,8789.0625,1.5082666666666666,1.5086933333333334,0.0004266666666667973,26
508,171679.6875,0.023466666666666667,0.0011895092902705073,167578.125,175781.25,8203.125,0.02304,0.023893333333333332,0.0008533333333333309,19
509,170507.8125,0.24874666666666667,0.006869579199701548,167578.125,175781.25,8203.125,0.24832,0.24917333333333333,0.0008533333333333171,32
510,171093.75,1.00864,0.002208864316344261,167578.125,175781.25,8203.125,1.0082133333333334,1.00864,0.00042666666666657527,28
511,170507.8125,1.3205333333333333,0.00693085789680481,167578.125,175781.25,8203.125,1.3201066666666668,1.32096,0.0008533333333331505,39
512,172265.625,0.19242666666666666,0.0015059561701491475,168164.0625,175195.3125,7031.25,0.192,0.19242666666666666,0.00042666666666665853,26
513,171679.6875,0.7424,0.001265565981157124,168164.0625,175195.3125,7031.25,0.7419733333333334,0.7424,0.00042666666666657527,21
514,171679.6875,0.7671466666666666,0.0015248244162648916,168164.0625,176367.1875,8203.125,0.7671466666666666,0.7675733333333333,0.0004266666666666863,29
515,172265.625,0.81536,0.0019013725686818361,168164.0625,175195.3125,7031.25,0.81536,0.81536,0.0,13
516,172851.5625,0.8379733333333333,0.0018015858950093389,168164.0625,175195.3125,7031.25,0.8375466666666667,0.8379733333333333,0.0004266666666666863,25
517,169335.9375,0.9028266666666667,0.0007619904354214668,168164.0625,172851.5625,4687.5,0.9028266666666667,0.9032533333333334,0.0004266666666666863,14
518,171679.6875,0.9220266666666667,0.0006115854484960437,168164.0625,173437.5,5273.4375,0.9220266666666667,0.9224533333333333,0.0004266666666666863,19
519,174023.4375,1.53344,0.0025187719147652388,168164.0625,176953.125,8789.0625,1.5330133333333333,1.53344,0.00042666666666657527,29
520,170507.8125,0.23637333333333332,0.003013362642377615,168750.0,174609.375,5859.375,0.23594666666666667,0.23637333333333332,0.00042666666666665853,17
521,169921.875,0.23808,0.002731912536546588,168750.0,174609.375,5859.375,0.23808,0.23808,0.0,11
522,172265.625,0.26453333333333334,0.0013780822046101093,168750.0,174609.375,5859.375,0.26410666666666666,0.26453333333333334,0.0004266666666666863,16
523,174023.4375,0.39637333333333336,0.001102485810406506,168750.0,174609.375,5859.375,0.39637333333333336,0.3968,0.0004266666666666308,12
524,171093.75,1.3559466666666666,0.0006207943661138415,168750.0,175781.25,7031.25,1.3559466666666666,1.3563733333333334,0.0004266666666667973,14
525,173437.5,0.8925866666666666,0.0012952409451827407,169335.9375,175195.3125,5859.375,0.89216,0.8925866666666666,0.0004266666666666863,19
526,169921.875,0.91136,0.0008606097544543445,169921.875,176953.125,7031.25,0.9109333333333334,0.91136,0.00042666666666657527,16
527,174023.4375,0.02944,0.001106122275814414,171679.6875,174023.4375,2343.75,0.02944,0.029866666666666666,0.00042666666666666547,10
528,174023.4375,0.85248,0.0006759848329238594,172265.625,177539.0625,5273.4375,0.85248,0.85248,0.0,10
529,185742.1875,0.43776,0.0007703326409682631,177539.0625,188085.9375,10546.875,0.43776,0.43818666666666667,0.0004266666666666863,30
530,179296.875,0.2978133333333333,0.0006926857167854905,178710.9375,191015.625,12304.6875,0.2978133333333333,0.2978133333333333,0.0,22
531,182812.5,0.21632,0.0014883485855534673,179882.8125,188671.875,8789.0625,0.21589333333333333,0.21632,0.0004266666666666863,29
532,185742.1875,0.13866666666666666,0.0015857556136325002,181054.6875,188085.9375,7031.25,0.13824,0.13866666666666666,0.00042666666666665853,25
533,185156.25,1.3806933333333333,0.0007342483149841428,181054.6875,188671.875,7617.1875,1.3806933333333333,1.38112,0.00042666666666657527,24
534,185156.25,0.9403733333333333,0.000929631816688925,182226.5625,188085.9375,5859.375,0.9403733333333333,0.9403733333333333,0.0,11
535,216796.875,1.03424,0.0006179101765155792,215039.0625,222070.3125,7031.25,1.0338133333333333,1.03424,0.0004266666666667973,15
536,220898.4375,1.2292266666666667,0.0004129235167056322,215625.0,220898.4375,5273.4375,1.2288,1.2292266666666667,0.0004266666666667973,15
537,220312.5,1.3947733333333334,0.00036711362190544605,216210.9375,223242.1875,7031.25,1.3943466666666666,1.3947733333333334,0.0004266666666667973,22
538,220312.5,1.2693333333333334,0.0008146660984493792,217382.8125,220312.5,2929.6875,1.2689066666666666,1.2693333333333334,0.0004266666666667973,11
539,222070.3125,1.61792,0.0011120470007881522,217382.8125,223242.1875,5859.375,1.61792,1.6183466666666666,0.00042666666666657527,20
540,224414.0625,0.16042666666666666,0.0009092308464460075,217968.75,225585.9375,7617.1875,0.16,0.16042666666666666,0.00042666666666665853,20
541,221484.375,1.0103466666666667,0.0005540723213925958,219726.5625,224414.0625,4687.5,1.0103466666666667,1.0107733333333333,0.00042666666666657527,14
542,229101.5625,0.2786133333333333,0.0011529017938300967,225585.9375,232031.25,6445.3125,0.2773333333333333,0.2786133333333333,0.0012800000000000034,33
543,229687.5,0.47573333333333334,0.000917361001484096,225585.9375,232617.1875,7031.25,0.47573333333333334,0.47616,0.0004266666666666863,21
544,226757.8125,1.0901333333333334,0.0006057997816242278,225585.9375,229687.5,4101.5625,1.0901333333333334,1.09056,0.00042666666666657527,12
545,230273.4375,0.5149866666666667,0.0008792149019427598,226171.875,233789.0625,7617.1875,0.5149866666666667,0.5154133333333333,0.00042666666666657527,22
546,228515.625,1.5291733333333333,0.000673520436976105,226171.875,233789.0625,7617.1875,1.5287466666666667,1.5291733333333333,0.00042666666666657527,19
547,229101.5625,0.18944,0.0008506960584782064,226757.8125,233789.0625,7031.25,0.18944,0.18986666666666666,0.00042666666666665853,25
548,229101.5625,0.23637333333333332,0.0009715604828670621,226757.8125,230273.4375,3515.625,0.23637333333333332,0.2368,0.0004266666666666863,13
549,230273.4375,0.27093333333333336,0.00157159345690161,226757.8125,233203.125,6445.3125,0.27093333333333336,0.27136,0.0004266666666666308,16
550,229101.5625,0.28970666666666667,0.0009835052769631147,226757.8125,234375.0,7617.1875,0.28970666666666667,0.29013333333333335,0.0004266666666666863,20
551,232617.1875,0.43093333333333333,0.0008108646143227816,226757.8125,233203.125,6445.3125,0.43050666666666665,0.43093333333333333,0.0004266666666666863,19
552,231445.3125,0.82304,0.000696759088896215,226757.8125,232031.25,5273.4375,0.82304,0.8234666666666667,0.0004266666666666863,16
553,232031.25,0.9693866666666666,0.0006767804152332246,226757.8125,234375.0,7617.1875,0.96896,0.9693866666666666,0.00042666666666657527,24
554,228515.625,1.54112,0.0008459327509626746,226757.8125,232617.1875,5859.375,1.54112,1.54112,0.0,11
555,229101.5625,1.56416,0.0006255076732486486,226757.8125,233789.0625,7031.25,1.5637333333333334,1.56416,0.00042666666666657527,23
556,229101.5625,0.7428266666666666,0.0009718945948407054,227343.75,233789.0625,6445.3125,0.7424,0.7428266666666666,0.0004266666666666863,17
557,229687.5,0.7850666666666667,0.00045516720274463296,227343.75,232617.1875,5273.4375,0.78464,0.7850666666666667,0.0004266666666666863,12
558,230273.4375,1.4126933333333334,0.0009696249617263675,227343.75,232617.1875,5273.4375,1.4122666666666666,1.4126933333333334,0.0004266666666667973,16
559,230859.375,1.52064,0.0006489130319096148,227343.75,232031.25,4687.5,1.52064,1.5210666666666666,0.00042666666666657527,13
560,229687.5,0.2496,0.0009108157246373594,227929.6875,232617.1875,4687.5,0.24917333333333333,0.2496,0.00042666666666665853,16
561,230273.4375,0.2568533333333333,0.0010457498719915748,227929.6875,233203.125,5273.4375,0.2568533333333333,0.25728,0.0004266666666666863,11
562,229687.5,1.1042133333333333,0.0005079474649392068,229101.5625,234375.0,5273.4375,1.1042133333333333,1.1042133333333333,0.0,10
563,230273.4375,0.95488,0.0003969270328525454,229687.5,235546.875,5859.375,0.9544533333333334,0.95488,0.00042666666666657527,20
564,253710.9375,1.2010666666666667,0.0005023733829148114,251367.1875,256054.6875,4687.5,1.2010666666666667,1.2014933333333333,0.00042666666666657527,10
565,279492.1875,0.09685333333333333,0.0008204517071135342,275390.625,283007.8125,7617.1875,0.09642666666666666,0.09685333333333333,0.0004266666666666724,25
566,280664.0625,1.5035733333333334,0.0012266089906916022,275976.5625,284765.625,8789.0625,1.5031466666666666,1.504,0.0008533333333333726,24
567,279492.1875,0.22912,0.0010620247339829803,277148.4375,283593.75,6445.3125,0.22869333333333333,0.22912,0.00042666666666665853,20
568,278906.25,1.0530133333333334,0.0008928675088100135,277148.4375,282421.875,5273.4375,1.0530133333333334,1.05344,0.00042666666666657527,14
569,281835.9375,1.5744,0.001087192096747458,277148.4375,283593.75,6445.3125,1.5739733333333332,1.5744,0.0004266666666667973,13
570,278906.25,0.5870933333333334,0.00035025100805796683,277734.375,284765.625,7031.25,0.5866666666666667,0.5870933333333334,0.0004266666666666863,15
571,280078.125,0.6993066666666666,0.0008026891737245023,277734.375,284765.625,7031.25,0.6993066666666666,0.6997333333333333,0.0004266666666666863,14
572,278320.3125,1.15584,0.000753692991565913,277734.375,284765.625,7031.25,1.15584,1.1562666666666668,0.0004266666666667973,23
573,290625.0,1.6302933333333334,0.0008437095675617456,287695.3125,292382.8125,4687.5,1.6298666666666666,1.6302933333333334,0.0004266666666667973,11
574,291210.9375,1.1639466666666667,0.0006875808467157185,288281.25,295898.4375,7617.1875,1.1639466666666667,1.1643733333333333,0.00042666666666657527,18
575,292382.8125,0.5649066666666667,0.0004168700543232262,289453.125,295312.5,5859.375,0.56448,0.5649066666666667,0.0004266666666666863,13
576,290039.0625,1.1345066666666668,0.00043125954107381403,289453.125,294140.625,4687.5,1.13408,1.1345066666666668,0.0004266666666667973,18
577,291210.9375,1.5658666666666667,0.0010962400119751692,289453.125,294726.5625,5273.4375,1.5658666666666667,1.5658666666666667,0.0,10
578,295312.5,0.08576,0.0008645257330499589,290039.0625,295898.4375,5859.375,0.08533333333333333,0.08576,0.0004266666666666724,16
579,291210.9375,0.12117333333333333,0.000879368744790554,290039.0625,297656.25,7617.1875,0.12117333333333333,0.1216,0.0004266666666666724,21
580,294140.625,1.2770133333333333,0.00040192611049860716,290039.0625,294726.5625,4687.5,1.2765866666666668,1.2770133333333333,0.00042666666666657527,10
581,292968.75,1.3422933333333333,0.000639387930277735,290039.0625,297656.25,7617.1875,1.3422933333333333,1.3422933333333333,0.0,14
582,293554.6875,0.1664,0.0004304110480006784,290625.0,295312.5,4687.5,0.1664,0.16682666666666668,0.0004266666666666863,10
583,295312.5,0.20096,0.0006324569694697857,290625.0,295898.4375,5273.4375,0.20053333333333334,0.20096,0.00042666666666665853,16
584,294140.625,0.5589333333333333,0.0004525628755800426,290625.0,297070.3125,6445.3125,0.5589333333333333,0.55936,0.0004266666666666863,19
585,292968.75,0.68736,0.0006283259717747569,290625.0,295898.4375,5273.4375,0.68736,0.6877866666666667,0.0004266666666666863,13
586,293554.6875,1.5428266666666666,0.0011022142134606838,290625.0,297656.25,7031.25,1.5424,1.5428266666666666,0.00042666666666657527,25
587,292968.75,1.5688533333333334,0.0010997417848557234,290625.0,294726.5625,4101.5625,1.5688533333333334,1.56928,0.00042666666666657527,14
588,295312.5,0.10538666666666667,0.0008657587459310889,291210.9375,296484.375,5273.4375,0.10538666666666667,0.10538666666666667,0.0,10
589,291796.875,1.10848,0.0006622271612286568,291210.9375,298242.1875,7031.25,1.10848,1.1089066666666667,0.0004266666666667973,14
590,292968.75,1.4574933333333333,0.0004264503950253129,291210.9375,297656.25,6445.3125,1.4574933333333333,1.4574933333333333,0.0,12
591,294140.625,0.30293333333333333,0.0004815738648176193,291796.875,297656.25,5859.375,0.30250666666666665,0.30293333333333333,0.0004266666666666863,21
592,295312.5,1.6,0.0003618072660174221,292968.75,297656.25,4687.5,1.6,1.6004266666666667,0.00042666666666657527,11
593,295898.4375,0.15104,0.0003082178591284901,294140.625,297070.3125,2929.6875,0.15061333333333332,0.15104,0.0004266666666666863,10
594,307617.1875,1.3239466666666666,0.001006132224574685,301757.8125,309375.0,7617.1875,1.3239466666666666,1.3243733333333334,0.0004266666666667973,26
595,307031.25,1.40672,0.001071143546141684,302343.75,309960.9375,7617.1875,1.40672,1.4071466666666668,0.0004266666666667973,24
596,306445.3125,1.02784,0.0006289438460953534,303515.625,309960.9375,6445.3125,1.0274133333333333,1.02784,0.0004266666666667973,20
597,308789.0625,1.536,0.0011302853235974908,303515.625,311132.8125,7617.1875,1.5355733333333332,1.5364266666666666,0.0008533333333333726,27
598,307617.1875,0.384,0.0007468210533261299,304101.5625,312304.6875,8203.125,0.384,0.3844266666666667,0.0004266666666666863,25
599,305273.4375,0.07424,0.00041559155215509236,304687.5,307617.1875,2929.6875,0.07381333333333333,0.07424,0.0004266666666666724,10
600,306445.3125,1.6341333333333334,0.0009053387329913676,305273.4375,309960.9375,4687.5,1.6341333333333334,1.63456,0.00042666666666657527,15
601,306445.3125,1.3824,0.0006616245955228806,305859.375,311718.75,5859.375,1.3819733333333333,1.3824,0.0004266666666667973,16
602,343359.375,1.3205333333333333,0.0011520304251462221,338671.875,346289.0625,7617.1875,1.3201066666666668,1.3205333333333333,0.00042666666666657527,16
603,344531.25,0.023466666666666667,0.0009294023620896041,339257.8125,346289.0625,7031.25,0.02304,0.023466666666666667,0.00042666666666666547,14
604,344531.25,1.3124266666666666,0.0007284498424269259,339257.8125,346875.0,7617.1875,1.312,1.3124266666666666,0.00042666666666657527,23
605,341601.5625,0.19242666666666666,0.0005748926778323948,340429.6875,346875.0,6445.3125,0.192,0.19242666666666666,0.00042666666666665853,18
606,344531.25,0.26069333333333333,0.0007576907519251108,341015.625,345117.1875,4101.5625,0.26069333333333333,0.26112,0.0004266666666666863,14
607,347460.9375,0.7163733333333333,0.0006153841386549175,341015.625,348046.875,7031.25,0.7163733333333333,0.7163733333333333,0.0,13
608,343945.3125,0.7671466666666666,0.0008336512255482376,341015.625,344531.25,3515.625,0.7671466666666666,0.7675733333333333,0.0004266666666666863,12
609,347460.9375,1.62048,0.0009785066358745098,342187.5,350390.625,8203.125,1.6200533333333333,1.6209066666666667,0.0008533333333333726,20
610,345703.125,0.24490666666666666,0.0014892549952492118,343359.375,348632.8125,5273.4375,0.24448,0.24533333333333332,0.0008533333333333171,19
611,348632.8125,0.70912,0.000531235127709806,343945.3125,349804.6875,5859.375,0.70912,0.70912,0.0,11
612,348046.875,0.031573333333333335,0.0006024835747666657,344531.25,349804.6875,5273.4375,0.031146666666666666,0.031573333333333335,0.00042666666666666894,11
613,346875.0,0.5294933333333334,0.0006052952958270907,344531.25,347460.9375,2929.6875,0.5290666666666667,0.5294933333333334,0.0004266666666666863,10
614,349218.75,1.3824,0.0009216716862283647,345117.1875,349804.6875,4687.5,1.3819733333333333,1.3824,0.0004266666666667973,16
615,349804.6875,1.6,0.0003538094460964203,345703.125,352148.4375,6445.3125,1.6,1.6004266666666667,0.00042666666666657527,13
616,346875.0,1.5232,0.00039154491969384253,346289.0625,350976.5625,4687.5,1.5227733333333333,1.5232,0.0004266666666667973,14
617,350390.625,1.1797333333333333,0.0007057247566990554,346875.0,352148.4375,5273.4375,1.1793066666666667,1.1797333333333333,0.00042666666666657527,18
618,368554.6875,1.5658666666666667,0.0004937247722409666,363867.1875,369140.625,5273.4375,1.5658666666666667,1.5658666666666667,0.0,10
619,386132.8125,0.26069333333333333,0.0009061376913450658,383203.125,389648.4375,6445.3125,0.26026666666666665,0.26069333333333333,0.0004266666666666863,15
620,394921.875,0.9873066666666667,0.0003819978446699679,393164.0625,400781.25,7617.1875,0.98688,0.9873066666666667,0.0004266666666666863,15
621,397265.625,1.2266666666666666,0.0011508354218676686,393164.0625,401367.1875,8203.125,1.22624,1.2266666666666666,0.00042666666666657527,21
622,403710.9375,1.1456,0.0010090667055919766,393750.0,405468.75,11718.75,1.1456,1.1460266666666667,0.0004266666666667973,28
623,396679.6875,1.3824,0.0005918910610489547,394335.9375,401953.125,7617.1875,1.3819733333333333,1.3828266666666666,0.0008533333333333726,17
624,399023.4375,1.3111466666666667,0.0005609422805719078,395507.8125,399609.375,4101.5625,1.31072,1.3111466666666667,0.00042666666666657527,10
625,400781.25,1.3354666666666666,0.0008886986179277301,395507.8125,403710.9375,8203.125,1.33504,1.3354666666666666,0.00042666666666657527,18
626,399023.4375,0.50304,0.0007585743442177773,396093.75,403710.9375,7617.1875,0.50304,0.5034666666666666,0.00042666666666657527,18
627,398437.5,0.9173333333333333,0.0010241095442324877,396093.75,403710.9375,7617.1875,0.9169066666666666,0.9173333333333333,0.0004266666666666863,15
628,399609.375,1.0730666666666666,0.0004153118934482336,396093.75,399609.375,3515.625,1.07264,1.0730666666666666,0.00042666666666657527,13
629,397265.625,1.2032,0.0007196820224635303,396093.75,399023.4375,2929.6875,1.2032,1.2036266666666666,0.00042666666666657527,10
630,396093.75,1.6021333333333334,0.00031292656785808504,396093.75,400781.25,4687.5,1.6021333333333334,1.60256,0.00042666666666657527,10
631,399023.4375,0.21248,0.00069762411294505,396679.6875,405468.75,8789.0625,0.21205333333333334,0.21248,0.00042666666666665853,18
632,399609.375,0.19242666666666666,0.00046317605301737785,397265.625,400781.25,3515.625,0.192,0.19242666666666666,0.00042666666666665853,12
633,399609.375,0.25472,0.0004106832784600556,397265.625,403125.0,5859.375,0.25472,0.25472,0.0,11
634,402539.0625,0.27946666666666664,0.0005464787827804685,397265.625,402539.0625,5273.4375,0.27946666666666664,0.2798933333333333,0.0004266666666666863,16
635,400781.25,0.4898133333333333,0.0004713503585662693,397265.625,401367.1875,4101.5625,0.4898133333333333,0.49024,0.0004266666666666863,13
636,401367.1875,1.4946133333333333,0.00031730910995975137,397851.5625,401953.125,4101.5625,1.4941866666666668,1.4946133333333333,0.00042666666666657527,10
637,400781.25,0.3170133333333333,0.0005251680850051343,398437.5,402539.0625,4101.5625,0.3165866666666667,0.3170133333333333,0.0004266666666666308,12
638,399023.4375,0.77568,0.0005478961393237114,398437.5,401367.1875,2929.6875,0.77568,0.7761066666666666,0.00042666666666657527,11
639,400195.3125,1.6413866666666668,0.0006445015897043049,398437.5,402539.0625,4101.5625,1.64096,1.6418133333333333,0.0008533333333333726,16
640,416601.5625,1.3239466666666666,0.0009150438709184527,414257.8125,420703.125,6445.3125,1.3239466666666666,1.3239466666666666,0.0,12
641,415429.6875,1.3111466666666667,0.00038145124563016,414843.75,419531.25,4687.5,1.31072,1.3111466666666667,0.00042666666666657527,13
642,438281.25,0.88704,0.0008094183285720646,435351.5625,442382.8125,7031.25,0.8866133333333334,0.88704,0.0004266666666666863,14
643,440625.0,1.2693333333333334,0.0014605468604713678,435351.5625,445898.4375,10546.875,1.2689066666666666,1.26976,0.0008533333333333726,34
644,436523.4375,0.031573333333333335,0.00039647502126172185,435937.5,441796.875,5859.375,0.031573333333333335,0.031573333333333335,0.0,11
645,442382.8125,0.40064,0.0007306755287572742,435937.5,445898.4375,9960.9375,0.4002133333333333,0.40064,0.0004266666666666863,22
646,440039.0625,0.74112,0.0007097480702213943,436523.4375,441796.875,5273.4375,0.7406933333333333,0.74112,0.0004266666666666863,18
647,441796.875,1.024,0.000881515967193991,437695.3125,442382.8125,4687.5,1.0235733333333332,1.024,0.0004266666666667973,10
648,442382.8125,1.03424,0.0011199951404705644,437695.3125,445312.5,7617.1875,1.0338133333333333,1.0346666666666666,0.0008533333333333726,22
649,441210.9375,1.0103466666666667,0.001055790577083826,438281.25,445312.5,7031.25,1.0103466666666667,1.0107733333333333,0.00042666666666657527,21
650,442382.8125,1.3947733333333334,0.000975821865722537,438281.25,445898.4375,7617.1875,1.3943466666666666,1.3947733333333334,0.0004266666666667973,27
651,440625.0,1.6413866666666668,0.0006308153388090432,438281.25,442968.75,4687.5,1.64096,1.6413866666666668,0.0004266666666667973,11
652,440039.0625,0.16042666666666666,0.0006258968496695161,438867.1875,444140.625,5273.4375,0.16042666666666666,0.16042666666666666,0.0,10
653,442968.75,1.2612266666666667,0.0009606500971131027,438867.1875,446484.375,7617.1875,1.2608,1.2612266666666667,0.0004266666666667973,27
654,443554.6875,0.9873066666666667,0.0008135731914080679,439453.125,445898.4375,6445.3125,0.98688,0.9873066666666667,0.0004266666666666863,16
655,443554.6875,0.34432,0.00043002894381061196,440039.0625,445312.5,5273.4375,0.34389333333333333,0.34432,0.0004266666666666863,14
656,458789.0625,1.6541866666666667,0.0008121801656670868,457031.25,461132.8125,4101.5625,1.65376,1.6541866666666667,0.0004266666666667973,13
657,495117.1875,0.24490666666666666,0.00047720613656565547,495117.1875,500390.625,5273.4375,0.24490666666666666,0.24490666666666666,0.0,10
658,537890.625,0.6993066666666666,0.0007420094916597009,535546.875,541406.25,5859.375,0.6993066666666666,0.6993066666666666,0.0,11
659,535546.875,1.3691733333333334,0.0003617618349380791,535546.875,539648.4375,4101.5625,1.3691733333333334,1.3696,0.00042666666666657527,15
660,540820.3125,0.24448,0.0004315079713705927,537890.625,540820.3125,2929.6875,0.24405333333333334,0.24448,0.00042666666666665853,10
661,540234.375,1.5744,0.0006509643280878663,538476.5625,543164.0625,4687.5,1.5744,1.5748266666666666,0.00042666666666657527,10
662,544335.9375,1.0530133333333334,0.00047545370762236416,539062.5,544335.9375,5273.4375,1.0530133333333334,1.0530133333333334,0.0,10
663,543750.0,1.2206933333333334,0.0006724721752107143,540820.3125,548437.5,7617.1875,1.2206933333333334,1.22112,0.00042666666666657527,16
664,544921.875,1.1639466666666667,0.0006427197367884219,542578.125,548437.5,5859.375,1.1639466666666667,1.1639466666666667,0.0,11
665,550781.25,0.1664,0.0005943732685409486,544921.875,551953.125,7031.25,0.1664,0.16682666666666668,0.0004266666666666863,19
666,549023.4375,1.1345066666666668,0.000389112246921286,547851.5625,551367.1875,3515.625,1.13408,1.1345066666666668,0.0004266666666667973,13
667,551953.125,0.23253333333333334,0.0011036540381610394,549609.375,556054.6875,6445.3125,0.23210666666666666,0.23253333333333334,0.0004266666666666863,16
668,554296.875,1.3819733333333333,0.0011794035090133548,550195.3125,556054.6875,5859.375,1.3819733333333333,1.3824,0.0004266666666667973,18
669,558398.4375,1.2612266666666667,0.00036724566598422825,554296.875,558984.375,4687.5,1.2608,1.2612266666666667,0.0004266666666667973,11
670,560742.1875,1.2206933333333334,0.0006319204694591463,558984.375,566015.625,7031.25,1.2206933333333334,1.22112,0.00042666666666657527,18
671,562500.0,1.5658666666666667,0.00038260300061665475,561914.0625,568945.3125,7031.25,1.5658666666666667,1.5658666666666667,0.0,13
672,568945.3125,0.19242666666666666,0.0006752919871360064,567773.4375,575390.625,7617.1875,0.192,0.19242666666666666,0.00042666666666665853,25
673,572460.9375,0.023466666666666667,0.0006410735077224672,568945.3125,575976.5625,7031.25,0.023466666666666667,0.023466666666666667,0.0,13
674,573632.8125,1.3124266666666666,0.0005229386151768267,569531.25,575390.625,5859.375,1.312,1.3124266666666666,0.00042666666666657527,15
675,571289.0625,0.7671466666666666,0.0005014421767555177,570117.1875,573632.8125,3515.625,0.7671466666666666,0.7675733333333333,0.0004266666666666863,13
676,586523.4375,0.68736,0.0003443980822339654,583593.75,587695.3125,4101.5625,0.68736,0.6877866666666667,0.0004266666666666863,12
677,613476.5625,1.40672,0.0005648938240483403,610546.875,614062.5,3515.625,1.40672,1.4071466666666668,0.0004266666666667973,12
678,620507.8125,1.2693333333333334,0.001268867519684136,616992.1875,623437.5,6445.3125,1.2689066666666666,1.26976,0.0008533333333333726,21
679,640429.6875,1.0103466666666667,0.0007735738763585687,638671.875,642773.4375,4101.5625,1.0103466666666667,1.0107733333333333,0.00042666666666657527,12
680,648046.875,1.3824,0.00040230053127743304,647460.9375,650976.5625,3515.625,1.3819733333333333,1.3824,0.0004266666666667973,10
681,690234.375,1.3824,0.0006134467548690736,689648.4375,695507.8125,5859.375,1.3819733333333333,1.3824,0.0004266666666667973,17
682,694335.9375,0.24149333333333334,0.0007838884484954178,691992.1875,697851.5625,5859.375,0.24149333333333334,0.24149333333333334,0.0,11
683,708984.375,1.2206933333333334,0.0006340196705423295,707226.5625,711914.0625,4687.5,1.2206933333333334,1.22112,0.00042666666666657527,10
684,710742.1875,0.3575466666666667,0.0009263302199542522,708398.4375,711914.0625,3515.625,0.35712,0.3579733333333333,0.0008533333333333171,10
685,710156.25,1.5688533333333334,0.00052878528367728,708984.375,711914.0625,2929.6875,1.5688533333333334,1.56928,0.00042666666666657527,11
686,718359.375,1.0530133333333334,0.0005567729822359979,717187.5,723632.8125,6445.3125,1.0530133333333334,1.0530133333333334,0.0,12
687,731835.9375,1.2206933333333334,0.0005539113190025091,728906.25,734179.6875,5273.4375,1.2206933333333334,1.22112,0.00042666666666657527,11
688,734179.6875,1.5522133333333332,0.00027859373949468136,732421.875,737109.375,4687.5,1.5517866666666666,1.5522133333333332,0.00042666666666657527,10
689,770507.8125,1.3819733333333333,0.00048233565757982433,769335.9375,772265.625,2929.6875,1.3819733333333333,1.3824,0.0004266666666667973,11
690,825000.0,0.007253333333333333,0.0006373940850608051,823242.1875,829687.5,6445.3125,0.006826666666666667,0.007253333333333333,0.00042666666666666634,20
691,826171.875,0.7735466666666667,0.0009340873220935464,823242.1875,827929.6875,4687.5,0.7735466666666667,0.7739733333333333,0.00042666666666657527,11
692,825585.9375,1.10848,0.0004468084080144763,824414.0625,828515.625,4101.5625,1.10848,1.1089066666666667,0.0004266666666667973,10
693,832617.1875,1.61024,0.0004644098808057606,830273.4375,833789.0625,3515.625,1.61024,1.6106666666666667,0.0004266666666667973,10
694,835546.875,0.5589333333333333,0.00032735278364270926,831445.3125,836132.8125,4687.5,0.5589333333333333,0.55936,0.0004266666666666863,13
695,841992.1875,0.17450666666666667,0.0005687986849807203,839062.5,842578.125,3515.625,0.17408,0.17450666666666667,0.00042666666666665853,11
696,861914.0625,1.27616,0.0002917518431786448,858398.4375,863671.875,5273.4375,1.2757333333333334,1.27616,0.00042666666666657527,15
697,894140.625,1.52704,0.00041950950981117785,893554.6875,897070.3125,3515.625,1.52704,1.5274666666666668,0.0004266666666667973,13
698,906445.3125,1.4741333333333333,0.0005007953150197864,905859.375,911132.8125,5273.4375,1.4741333333333333,1.47456,0.0004266666666667973,15
699,924023.4375,1.6157866666666667,0.00050433783326298,921093.75,925195.3125,4101.5625,1.61536,1.6157866666666667,0.0004266666666667973,14
700,935156.25,1.3111466666666667,0.0004366848152130842,931054.6875,936914.0625,5859.375,1.31072,1.3111466666666667,0.00042666666666657527,12
701,954492.1875,1.2693333333333334,0.00033782917307689786,947460.9375,954492.1875,7031.25,1.2689066666666666,1.26976,0.0008533333333333726,16
702,952148.4375,1.4784,0.00028433362604118884,950390.625,957421.875,7031.25,1.4784,1.4788266666666667,0.0004266666666667973,15
703,950390.625,1.6512,0.0005883795092813671,950390.625,953906.25,3515.625,1.6512,1.6516266666666666,0.00042666666666657527,10
704,952734.375,1.3239466666666666,0.000353230134351179,952148.4375,955078.125,2929.6875,1.3239466666666666,1.3243733333333334,0.0004266666666667973,11
705,959765.625,1.6413866666666668,0.0006117920274846256,955664.0625,960351.5625,4687.5,1.6413866666666668,1.6418133333333333,0.00042666666666657527,14
706,960351.5625,1.0641066666666668,0.00031596297048963606,956835.9375,962695.3125,5859.375,1.0641066666666668,1.0645333333333333,0.00042666666666657527,12
707,969140.625,1.3111466666666667,0.0005177738494239748,965039.0625,971484.375,6445.3125,1.31072,1.3111466666666667,0.00042666666666657527,19
708,968554.6875,1.4946133333333333,0.0002736998430918902,965039.0625,970898.4375,5859.375,1.4941866666666668,1.4946133333333333,0.00042666666666657527,13
709,976171.875,1.6021333333333334,0.0005408041761256754,971484.375,977343.75,5859.375,1.6021333333333334,1.60256,0.00042666666666657527,20
710,992578.125,0.28757333333333335,0.00038169792969711125,991406.25,1000781.25,9375.0,0.28757333333333335,0.28757333333333335,0.0,17
711,993750.0,0.34432,0.00045724044321104884,991406.25,996093.75,4687.5,0.34432,0.34474666666666665,0.0004266666666666308,10
712,995507.8125,1.4237866666666668,0.00040809609345160425,992578.125,996679.6875,4101.5625,1.4237866666666668,1.4242133333333333,0.00042666666666657527,10
713,995507.8125,0.49664,0.0006712424801662564,993164.0625,998437.5,5273.4375,0.49664,0.49706666666666666,0.0004266666666666308,16
714,997265.625,0.27946666666666664,0.0004678629629779607,994921.875,999609.375,4687.5,0.27904,0.27946666666666664,0.0004266666666666308,15
715,997265.625,0.27136,0.00033281289506703615,995507.8125,1003125.0,7617.1875,0.27136,0.27136,0.0,14
716,998437.5,0.6779733333333333,0.00028801875305362046,995507.8125,1003710.9375,8203.125,0.6779733333333333,0.6784,0.0004266666666666863,22
717,997265.625,1.1456,0.0017758633475750685,995507.8125,1004296.875,8789.0625,1.1451733333333334,1.1460266666666667,0.0008533333333333726,32
718,999023.4375,1.1639466666666667,0.00033728647395037115,995507.8125,1001367.1875,5859.375,1.1639466666666667,1.1639466666666667,0.0,11
719,1000781.25,1.2036266666666666,0.000604543718509376,996679.6875,1003710.9375,7031.25,1.2032,1.2036266666666666,0.00042666666666657527,21
720,1001953.125,1.10848,0.0004502611409407109,997265.625,1002539.0625,5273.4375,1.10848,1.1089066666666667,0.0004266666666667973,11
721,1000781.25,1.6021333333333334,0.0007091658771969378,997851.5625,1003710.9375,5859.375,1.6021333333333334,1.60256,0.00042666666666657527,12
722,1000195.3125,0.8106666666666666,0.000679041666444391,998437.5,1003710.9375,5273.4375,0.81024,0.8110933333333333,0.0008533333333333726,14
723,1000781.25,1.2206933333333334,0.00047378437011502683,998437.5,1003710.9375,5273.4375,1.2206933333333334,1.2206933333333334,0.0,10
724,1001953.125,1.2689066666666666,0.0004851941775996238,999609.375,1002539.0625,2929.6875,1.2689066666666666,1.2693333333333334,0.0004266666666667973,12
725,1001953.125,0.19242666666666666,0.0005349828279577196,1000781.25,1004882.8125,4101.5625,0.192,0.19242666666666666,0.00042666666666665853,14
726,1006054.6875,0.8738133333333333,0.0003973274724557996,1001953.125,1006640.625,4687.5,0.8738133333333333,0.87424,0.0004266666666666863,11
727,1008398.4375,0.82944,0.00019281639833934605,1004882.8125,1008984.375,4101.5625,0.8290133333333334,0.82944,0.00042666666666657527,11
728,1010156.25,1.3239466666666666,0.0009933338733389974,1007226.5625,1010742.1875,3515.625,1.32352,1.3243733333333334,0.0008533333333333726,12
729,1012500.0,0.40064,0.00033491340582259,1010156.25,1015429.6875,5273.4375,0.4002133333333333,0.40064,0.0004266666666666863,14
730,1018945.3125,0.23210666666666666,0.0005221523460932076,1015429.6875,1021289.0625,5859.375,0.23210666666666666,0.23210666666666666,0.0,11
731,1023632.8125,0.07381333333333333,0.00026396478642709553,1021875.0,1028906.25,7031.25,0.07381333333333333,0.07424,0.0004266666666666724,17
732,1024218.75,1.3303466666666666,0.0003183531225658953,1021875.0,1028320.3125,6445.3125,1.3303466666666666,1.3307733333333334,0.0004266666666667973,14
733,1024218.75,0.9493333333333334,0.0005557891563512385,1023046.875,1026562.5,3515.625,0.9489066666666667,0.94976,0.0008533333333333726,10
734,1026562.5,0.18730666666666668,0.0002457887458149344,1023632.8125,1029492.1875,5859.375,0.18688,0.18730666666666668,0.0004266666666666863,18
735,1027734.375,0.25472,0.0005132534424774349,1024804.6875,1031835.9375,7031.25,0.2542933333333333,0.2551466666666667,0.0008533333333333726,17
736,1028320.3125,0.49664,0.0003249668807256967,1025390.625,1031250.0,5859.375,0.49664,0.49706666666666666,0.0004266666666666308,12
737,1027734.375,1.6021333333333334,0.0003667636774480343,1025390.625,1029492.1875,4101.5625,1.6021333333333334,1.60256,0.00042666666666657527,10
738,1030664.0625,1.4946133333333333,0.00027651109849102795,1027734.375,1034179.6875,6445.3125,1.4941866666666668,1.4946133333333333,0.00042666666666657527,18
739,1045898.4375,0.22869333333333333,0.00022569045540876687,1041796.875,1045898.4375,4101.5625,0.22869333333333333,0.22912,0.00042666666666665853,11
740,1047070.3125,0.8290133333333334,0.00020923402917105705,1044726.5625,1047656.25,2929.6875,0.8290133333333334,0.82944,0.00042666666666657527,10
741,1051757.8125,0.007253333333333333,0.0003599720657803118,1050000.0,1054687.5,4687.5,0.006826666666666667,0.007253333333333333,0.00042666666666666634,16
742,1052343.75,0.020053333333333333,0.00029132491908967495,1051171.875,1053515.625,2343.75,0.019626666666666667,0.020053333333333333,0.00042666666666666547,10
743,1052929.6875,0.6779733333333333,0.0002013768389588222,1051171.875,1054101.5625,2929.6875,0.6779733333333333,0.6784,0.0004266666666666863,10
744,1061718.75,1.27616,0.0003156103193759918,1061132.8125,1065820.3125,4687.5,1.2757333333333334,1.27616,0.00042666666666657527,13
745,1073437.5,1.03424,0.00022001903562340885,1069921.875,1075781.25,5859.375,1.03424,1.03424,0.0,11
746,1080468.75,0.4002133333333333,0.0002092352951876819,1080468.75,1085156.25,4687.5,0.4002133333333333,0.40064,0.0004266666666666863,18
747,1082226.5625,1.6413866666666668,0.00022712291684001684,1081054.6875,1083984.375,2929.6875,1.64096,1.6413866666666668,0.0004266666666667973,10
748,1087500.0,1.61536,0.000223560695303604,1083398.4375,1088085.9375,4687.5,1.61536,1.6157866666666667,0.0004266666666667973,16
749,1085742.1875,1.1456,0.00031085964292287827,1083984.375,1086914.0625,2929.6875,1.1456,1.1460266666666667,0.0004266666666667973,11
750,1093945.3125,1.3243733333333334,0.00023363546642940491,1091015.625,1093945.3125,2929.6875,1.3239466666666666,1.3243733333333334,0.0004266666666667973,11
751,1093359.375,0.07424,0.0001666520838625729,1091601.5625,1095117.1875,3515.625,0.07381333333333333,0.07424,0.0004266666666666724,14
752,1092773.4375,1.3696,0.0001609256723895669,1092773.4375,1099218.75,6445.3125,1.3696,1.3700266666666667,0.0004266666666667973,13
753,1096875.0,1.3832533333333332,0.0002235917781945318,1092773.4375,1097460.9375,4687.5,1.3828266666666666,1.3832533333333332,0.00042666666666657527,10
754,1099218.75,0.16042666666666666,0.00032280522282235324,1096875.0,1103320.3125,6445.3125,0.16042666666666666,0.16042666666666666,0.0,12
755,1097460.9375,1.0103466666666667,0.0001840584009187296,1096875.0,1099804.6875,2929.6875,1.0103466666666667,1.0107733333333333,0.00042666666666657527,10
756,1102148.4375,0.34432,0.0002788635320030153,1098632.8125,1103906.25,5273.4375,0.34389333333333333,0.34432,0.0004266666666666863,17
757,1105078.125,1.5035733333333334,0.00035465986002236605,1099218.75,1105664.0625,6445.3125,1.5031466666666666,1.5035733333333334,0.0004266666666667973,13
758,1100390.625,0.88704,0.00026205211179330945,1099804.6875,1105078.125,5273.4375,0.88704,0.88704,0.0,10
759,1100976.5625,1.61792,0.0002885936701204628,1100390.625,1106250.0,5859.375,1.61792,1.6183466666666666,0.00042666666666657527,12
760,1103320.3125,0.19242666666666666,0.00029822919168509543,1100976.5625,1104492.1875,3515.625,0.192,0.19242666666666666,0.00042666666666665853,12
761,1105664.0625,0.23253333333333334,0.0002769473649095744,1101562.5,1106250.0,4687.5,0.23210666666666666,0.23253333333333334,0.0004266666666666863,17
762,1103906.25,0.27946666666666664,0.00016029244579840451,1101562.5,1106250.0,4687.5,0.27946666666666664,0.2798933333333333,0.0004266666666666863,13
763,1107421.875,1.5658666666666667,0.0002650525129865855,1102734.375,1109179.6875,6445.3125,1.5658666666666667,1.5658666666666667,0.0,12
764,1104492.1875,0.83968,0.00013595519703812897,1103320.3125,1108593.75,5273.4375,0.83968,0.83968,0.0,10
765,1107421.875,1.4946133333333333,0.0001922736264532432,1107421.875,1115039.0625,7617.1875,1.4946133333333333,1.4946133333333333,0.0,14
766,1110937.5,1.27616,0.0002515477826818824,1108007.8125,1113281.25,5273.4375,1.2757333333333334,1.27616,0.00042666666666657527,14
767,1117968.75,0.18730666666666668,0.00022979872301220894,1112695.3125,1120898.4375,8203.125,0.18688,0.18730666666666668,0.0004266666666666863,22
768,1117382.8125,0.40064,0.00029123169952072203,1113867.1875,1120898.4375,7031.25,0.4002133333333333,0.40064,0.0004266666666666863,18
769,1123828.125,1.3947733333333334,0.00019752660591620952,1117382.8125,1124414.0625,7031.25,1.3943466666666666,1.3947733333333334,0.0004266666666667973,21
770,1121484.375,1.04448,0.00018036350957117975,1117968.75,1122656.25,4687.5,1.0440533333333333,1.04448,0.0004266666666667973,13
771,1123242.1875,1.0760533333333333,0.00013962143566459417,1120898.4375,1126757.8125,5859.375,1.0760533333333333,1.0760533333333333,0.0,11
772,1124414.0625,1.03424,0.00017968770407605916,1122070.3125,1127343.75,5273.4375,1.03424,1.03424,0.0,10
773,1128515.625,0.19242666666666666,0.0001721447624731809,1126757.8125,1129687.5,2929.6875,0.192,0.19242666666666666,0.00042666666666665853,11
774,1127929.6875,1.536,0.00013824291818309575,1127929.6875,1133203.125,5273.4375,1.5355733333333332,1.536,0.0004266666666667973,11
775,1132617.1875,0.1216,0.00020705873612314463,1128515.625,1133203.125,4687.5,0.12117333333333333,0.1216,0.0004266666666666724,13
776,1130859.375,0.6677333333333333,0.00015313389303628355,1129101.5625,1133203.125,4101.5625,0.6673066666666667,0.6677333333333333,0.00042666666666657527,12
777,1142578.125,1.6516266666666666,0.00042839223169721663,1134960.9375,1143164.0625,8203.125,1.6516266666666666,1.6520533333333334,0.0004266666666667973,18
778,1136718.75,1.0103466666666667,0.00023966097796801478,1135546.875,1138476.5625,2929.6875,1.0103466666666667,1.0107733333333333,0.00042666666666657527,10
779,1140820.3125,1.40672,0.00020253125694580376,1136718.75,1142578.125,5859.375,1.40672,1.4071466666666668,0.0004266666666667973,12
780,1143164.0625,0.09685333333333333,0.00026952879852615297,1139648.4375,1146679.6875,7031.25,0.09642666666666666,0.09685333333333333,0.0004266666666666724,20
781,1143750.0,0.5870933333333334,0.0003038631402887404,1139648.4375,1147851.5625,8203.125,0.5866666666666667,0.5870933333333334,0.0004266666666666863,24
782,1147265.625,1.03424,0.00016078128828667104,1141406.25,1147851.5625,6445.3125,1.0338133333333333,1.03424,0.0004266666666667973,13
783,1145507.8125,0.5589333333333333,0.0001434716396033764,1142578.125,1147265.625,4687.5,0.5589333333333333,0.55936,0.0004266666666666863,10
784,1146093.75,1.5688533333333334,0.0003079524030908942,1143750.0,1146679.6875,2929.6875,1.5688533333333334,1.56928,0.00042666666666657527,11
785,1147851.5625,0.20096,0.00023578481341246516,1145507.8125,1151367.1875,5859.375,0.20053333333333334,0.20096,0.00042666666666665853,17
786,1153125.0,0.16042666666666666,0.00017029115406330675,1150781.25,1156054.6875,5273.4375,0.16042666666666666,0.16042666666666666,0.0,10
787,1152539.0625,0.5649066666666667,0.0001809025852708146,1150781.25,1156640.625,5859.375,0.56448,0.5649066666666667,0.0004266666666666863,16
788,1157812.5,0.74752,0.00013906930689699948,1153125.0,1159570.3125,6445.3125,0.74752,0.74752,0.0,12
789,1153710.9375,1.3303466666666666,0.00010782861500047147,1153125.0,1158398.4375,5273.4375,1.3303466666666666,1.3303466666666666,0.0,10
790,1154296.875,0.33493333333333336,0.0001744048931868747,1153710.9375,1158398.4375,4687.5,0.33493333333333336,0.33536,0.0004266666666666308,10
791,1154296.875,1.40672,0.00028534585726447403,1153710.9375,1157812.5,4101.5625,1.40672,1.4071466666666668,0.0004266666666667973,13
792,1160742.1875,0.09685333333333333,0.00021078561258036643,1156054.6875,1162500.0,6445.3125,0.09642666666666666,0.09685333333333333,0.0004266666666666724,21
793,1157812.5,0.41130666666666665,0.00011689034727169201,1156054.6875,1160156.25,4101.5625,0.41088,0.41130666666666665,0.0004266666666666308,13
794,1160742.1875,0.5589333333333333,0.0001852848508860916,1156640.625,1161328.125,4687.5,0.5589333333333333,0.55936,0.0004266666666666863,18
795,1162500.0,1.2266666666666666,0.0002076027012662962,1160742.1875,1165429.6875,4687.5,1.22624,1.2266666666666666,0.00042666666666657527,10
796,1170117.1875,0.9028266666666667,0.0003497397410683334,1167187.5,1173046.875,5859.375,0.9024,0.9028266666666667,0.0004266666666666863,12
797,1171289.0625,0.384,0.0003369466576259583,1168359.375,1173632.8125,5273.4375,0.384,0.3844266666666667,0.0004266666666666863,13
798,1171875.0,1.5522133333333332,0.00015908663044683635,1168945.3125,1173046.875,4101.5625,1.5517866666666666,1.5522133333333332,0.00042666666666657527,11
799,1172460.9375,0.023466666666666667,0.00032112948247231543,1169531.25,1177734.375,8203.125,0.02304,0.023466666666666667,0.00042666666666666547,19
800,1171289.0625,1.64096,0.00014495478535536677,1170703.125,1173632.8125,2929.6875,1.64096,1.6418133333333333,0.0008533333333333726,11
801,1172460.9375,0.7671466666666666,0.00039403236587531865,1171875.0,1177148.4375,5273.4375,0.7671466666666666,0.7675733333333333,0.0004266666666666863,15
802,1175390.625,1.40672,0.00017680310702417046,1171875.0,1177148.4375,5273.4375,1.40672,1.4071466666666668,0.0004266666666667973,12
803,1174804.6875,0.3170133333333333,0.00022859180171508342,1173046.875,1177148.4375,4101.5625,0.3165866666666667,0.3170133333333333,0.0004266666666666308,14
804,1178906.25,0.34432,0.0001909376005642116,1178320.3125,1182421.875,4101.5625,0.34389333333333333,0.34432,0.0004266666666666863,10
805,1181835.9375,1.4946133333333333,0.00012841119314543903,1178320.3125,1183007.8125,4687.5,1.4941866666666668,1.4946133333333333,0.00042666666666657527,11
